player,player_id,position,team_name,player_game_count,avg_depth_of_target,avoided_tackles,caught_percent,contested_catch_rate,contested_receptions,contested_targets,declined_penalties,drop_rate,drops,first_downs,franchise_id,fumbles,grades_hands_drop,grades_hands_fumble,grades_offense,grades_pass_block,grades_pass_route,inline_rate,inline_snaps,interceptions,longest,pass_block_rate,pass_blocks,pass_plays,penalties,receptions,route_rate,routes,slot_rate,slot_snaps,targeted_qb_rating,targets,touchdowns,wide_rate,wide_snaps,yards,yards_after_catch,yards_after_catch_per_reception,yards_per_reception,yprr
Larry Fitzgerald,1724,WR,ARZ,20,11.0,14,67.7,,0,0,0,3.1,4,87,1,1,90.4,70.1,87.7,68.4,86.1,0.5,4,3,78,0.2,2,833,1,126,95.6,796,21.8,182,130.3,186,19,77.4,645,1983,716,5.7,15.7,2.49
Brandon Marshall,3064,WR,DEN,15,11.9,20,58.8,,0,0,1,13.3,16,67,10,3,31.1,24.8,78.0,,75.1,0.0,0,7,47,0.0,0,634,6,104,94.3,598,25.9,164,75.6,177,6,74.1,470,1265,439,4.2,12.2,2.12
Andre Johnson,1319,WR,HST,16,10.5,8,71.0,,0,0,0,8.7,11,80,13,1,59.5,68.3,88.2,,85.9,0.2,1,11,65,0.0,0,603,0,115,96.4,581,26.0,157,90.0,162,8,73.8,445,1577,500,4.3,13.7,2.71
Roddy White,2244,WR,ATL,17,12.4,3,62.7,,0,0,1,13.2,15,71,2,1,36.8,66.8,88.3,,86.1,0.0,0,9,70,0.0,0,530,8,99,94.9,503,30.8,163,86.2,158,8,69.1,366,1468,424,4.3,14.8,2.92
Dwayne Bowe,3639,WR,KC,16,10.2,18,55.5,,0,0,1,15.7,16,49,16,0,28.9,82.6,70.2,,69.5,0.0,0,6,36,0.0,0,626,4,86,96.6,605,10.9,68,74.7,155,7,89.1,558,1022,400,4.7,11.9,1.69
Tony Gonzalez,237,TE,KC,16,9.0,11,64.0,,0,0,0,5.0,5,67,16,0,84.8,83.3,86.9,60.0,85.2,19.5,121,5,35,2.7,17,619,4,96,93.7,580,77.4,479,93.4,150,10,2.7,17,1066,282,2.9,11.1,1.84
Calvin Johnson,3618,WR,DET,16,14.4,14,53.1,,0,0,1,14.3,13,52,11,2,37.2,26.9,73.9,,73.9,0.0,0,8,96,0.0,0,578,3,78,93.8,542,16.3,94,88.6,147,12,83.4,482,1331,514,6.6,17.1,2.46
Anquan Boldin,1369,WR,ARZ,15,6.1,16,71.5,,0,0,0,7.2,8,61,1,3,68.2,25.0,77.0,30.2,77.1,0.2,1,3,79,0.3,2,600,4,103,94.8,569,75.8,455,116.3,144,12,20.7,124,1228,735,7.1,11.9,2.16
Derrick Mason,271,WR,BLT,19,13.0,13,64.8,,0,0,0,6.1,6,69,3,2,73.5,46.0,89.0,,90.0,0.0,0,6,54,0.0,0,550,3,92,94.9,522,47.6,262,88.6,142,6,52.2,287,1227,268,2.9,13.3,2.35
Wes Welker,2204,WR,NE,16,4.6,3,79.3,,0,0,0,6.7,8,57,19,1,75.2,61.8,74.9,,74.9,0.0,0,3,64,0.0,0,568,2,111,96.8,550,83.3,473,99.6,140,3,16.4,93,1165,767,6.9,10.5,2.12
Terrell Owens,188,WR,DAL,16,14.9,4,49.6,,0,0,0,12.7,10,39,9,1,35.8,51.8,70.6,,68.5,0.0,0,9,75,0.0,0,604,2,69,96.2,581,30.6,185,72.0,139,10,69.0,417,1052,292,4.2,15.2,1.81
Reggie Wayne,800,WR,IND,17,13.6,7,62.3,,0,0,0,9.5,9,67,14,0,70.9,82.6,84.4,,81.7,0.0,0,4,72,0.0,0,639,1,86,96.1,614,35.1,224,96.8,138,7,64.9,415,1257,369,4.3,14.6,2.05
Antonio Bryant,1070,WR,TB,16,12.7,7,61.5,,0,0,2,9.8,9,60,30,1,48.5,54.0,82.9,,82.0,0.0,0,5,71,0.0,0,574,5,83,95.8,550,30.8,177,93.7,135,7,69.2,397,1248,401,4.8,15.0,2.27
DeSean Jackson,4363,WR,PHI,19,13.0,3,54.5,,0,0,0,11.0,9,50,24,0,45.5,83.8,71.0,,69.8,0.5,3,7,62,0.0,0,625,0,73,97.8,611,20.0,125,68.2,134,3,78.6,491,1127,353,4.8,15.4,1.84
Greg Jennings,2997,WR,GB,16,14.0,10,60.6,,0,0,0,12.1,11,55,12,1,41.4,82.0,75.5,,74.6,0.0,0,3,63,0.0,0,587,0,80,95.9,563,28.4,167,106.6,132,9,71.6,420,1292,387,4.8,16.2,2.29
Santonio Holmes,2970,WR,PIT,18,13.3,14,51.9,,0,0,0,11.7,9,50,25,2,47.1,29.7,74.9,,73.6,0.0,0,5,65,0.0,0,625,2,68,96.5,603,16.0,100,80.6,131,7,84.0,525,1047,376,5.5,15.4,1.74
Santana Moss,786,WR,WAS,16,10.0,11,60.3,,0,0,1,13.2,12,51,32,1,36.6,61.1,73.2,,70.9,0.0,0,1,67,0.0,0,555,4,79,95.0,527,22.2,123,97.6,131,6,77.8,432,1044,454,5.7,13.2,1.98
Hines Ward,380,WR,PIT,19,8.9,14,69.2,,0,0,0,10.9,11,62,25,1,52.9,64.0,80.7,67.5,79.2,0.2,1,3,49,0.3,2,644,6,90,95.7,616,84.0,541,106.9,130,7,15.7,101,1211,519,5.8,13.5,1.97
T.J. Houshmandzadeh,921,WR,CIN,15,6.9,8,71.3,,0,0,0,7.1,7,51,7,0,68.6,83.2,74.5,,72.5,0.0,0,4,46,0.0,0,575,3,92,96.5,555,73.9,425,88.1,129,4,26.1,150,904,384,4.2,9.8,1.63
Steve Smith,837,WR,CAR,15,15.0,12,62.0,,0,0,0,10.1,9,61,5,1,58.0,54.6,91.3,65.7,91.4,0.0,0,7,65,0.2,1,420,3,80,96.0,403,34.8,146,96.5,129,7,65.2,274,1464,472,5.9,18.3,3.63
Braylon Edwards,2220,WR,CLV,16,14.2,5,43.0,,0,0,2,25.7,19,42,8,0,25.9,80.2,60.4,,60.9,0.0,0,9,70,0.0,0,544,10,55,95.2,518,14.2,77,44.8,128,3,85.8,467,873,238,4.3,15.9,1.69
Eddie Royal,4356,WR,DEN,15,10.0,3,71.7,,0,0,1,6.2,6,43,10,1,83.8,60.4,73.7,,73.2,0.0,0,4,93,0.0,0,596,5,91,94.1,561,21.0,125,93.9,127,5,78.4,467,980,364,4.0,10.8,1.75
Steve Breaston,3758,WR,ARZ,20,11.0,8,74.4,,0,0,0,9.1,9,51,1,0,57.4,83.1,69.9,69.3,68.6,0.1,1,4,58,0.3,2,729,2,90,96.0,700,22.6,165,98.8,121,3,77.2,563,1170,335,3.7,13.0,1.67
Jason Witten,1384,TE,DAL,16,9.1,5,68.1,,0,0,1,4.7,4,50,9,0,79.5,82.3,90.8,70.5,89.4,68.3,369,7,42,9.1,49,540,7,81,86.9,469,21.5,116,78.8,119,4,1.9,10,952,353,4.4,11.8,2.03
Randy Moss,342,WR,NE,16,14.8,4,59.0,,0,0,0,12.7,10,48,19,2,35.2,29.3,70.0,,68.6,0.0,0,3,76,0.0,0,603,1,69,97.0,585,20.9,126,107.9,117,11,79.1,477,1010,370,5.4,14.6,1.73
Muhsin Muhammad,173,WR,CAR,17,10.4,9,60.9,,0,0,1,12.5,10,50,5,2,38.6,27.4,79.8,66.1,73.4,0.0,0,4,60,0.2,1,464,4,70,95.7,444,32.5,151,88.2,115,5,67.2,312,978,370,5.3,14.0,2.2
Torry Holt,441,WR,SL,16,11.8,2,55.7,,0,0,0,8.6,6,40,26,0,60.9,80.8,68.6,,67.8,0.0,0,4,45,0.0,0,514,5,64,95.1,489,11.7,60,71.5,115,3,88.3,454,796,169,2.6,12.4,1.63
Lance Moore,2718,WR,NO,16,9.9,2,69.9,,0,0,0,6.0,5,40,20,0,78.5,82.1,76.3,,74.1,0.0,0,5,70,0.0,0,503,1,79,96.4,485,43.7,220,105.7,113,10,55.9,281,930,296,3.7,11.8,1.92
Dallas Clark,1340,TE,IND,16,7.1,9,75.0,,0,0,0,8.7,8,43,14,2,60.3,54.6,81.3,72.6,79.1,60.3,342,3,33,11.5,65,567,1,84,85.2,483,32.1,182,104.1,112,6,1.1,6,881,399,4.8,10.5,1.82
Laveranues Coles,638,WR,NYJ,16,12.0,6,62.5,,0,0,0,16.7,14,44,22,0,28.9,81.5,65.3,,63.5,0.0,0,8,54,0.0,0,566,4,70,93.6,530,11.0,62,76.5,112,7,89.0,504,839,305,4.4,12.0,1.58
Donald Driver,533,WR,GB,16,10.3,12,67.3,,0,0,0,10.8,9,44,12,0,46.3,82.2,69.5,,67.8,0.0,0,5,71,0.0,0,579,5,74,95.5,553,78.1,452,92.7,110,5,21.9,127,1012,364,4.9,13.7,1.83
Jerricho Cotchery,1829,WR,NYJ,16,11.2,14,65.1,,0,0,1,5.3,4,44,22,1,76.3,50.6,70.1,68.2,69.1,0.3,2,9,56,0.2,1,581,2,71,93.5,543,36.8,214,70.0,109,5,62.7,364,858,357,5.0,12.1,1.58
Chris Cooley,1802,TE,WAS,16,5.4,11,78.3,,0,0,0,4.6,4,44,32,3,80.9,24.8,81.6,56.5,83.6,79.0,432,1,28,11.2,61,547,4,83,84.1,460,17.2,94,99.3,106,1,2.0,11,849,476,5.7,10.2,1.85
Vincent Jackson,2278,WR,SD,18,17.4,5,58.1,,0,0,0,7.6,5,54,27,1,64.9,47.2,80.9,,77.2,0.0,0,5,60,0.0,0,611,2,61,95.3,582,29.6,181,101.6,105,8,70.4,430,1147,221,3.6,18.8,1.97
Marvin Harrison,162,WR,IND,16,13.0,2,60.6,,0,0,0,8.7,6,41,14,1,60.4,45.8,65.4,,63.9,0.0,0,4,67,0.0,0,622,2,63,96.0,597,5.1,32,78.8,104,5,94.9,590,656,183,2.9,10.4,1.1
Matt Jones,2238,WR,JAX,12,11.5,0,63.1,,0,0,0,9.7,7,48,15,1,54.9,56.5,77.9,,76.8,0.0,0,2,35,0.0,0,437,2,65,96.3,421,8.7,38,83.8,103,2,91.3,399,761,206,3.2,11.7,1.81
Isaac Bruce,80,WR,SF,16,13.1,1,60.4,,0,0,1,3.2,2,43,28,0,90.0,80.8,68.0,,68.3,0.0,0,4,63,0.0,0,621,2,61,93.9,583,29.1,181,93.5,101,7,70.4,437,835,209,3.4,13.7,1.43
Ted Ginn Jr.,3625,WR,MIA,17,12.1,3,61.0,,0,0,1,9.0,6,39,17,3,51.7,22.6,69.0,,68.5,0.0,0,5,64,0.0,0,448,5,61,97.8,438,8.7,39,73.2,100,2,91.3,409,827,214,3.5,13.6,1.89
Antonio Gates,1609,TE,SD,18,8.6,3,73.7,,0,0,0,6.4,5,46,27,1,69.9,58.8,74.6,78.4,72.3,43.2,245,3,34,2.8,16,567,2,73,92.4,524,47.4,269,113.6,99,8,6.5,37,850,341,4.7,11.6,1.62
Donnie Avery,4347,WR,SL,15,13.9,3,53.5,,0,0,0,5.4,3,30,26,0,80.4,81.3,72.4,,72.8,0.0,0,8,69,0.0,0,420,2,53,96.0,403,17.4,73,51.5,99,3,82.4,346,674,268,5.1,12.7,1.67
Lee Evans,1734,WR,BUF,16,13.5,2,63.6,,0,0,0,6.0,4,46,4,2,72.6,28.6,74.0,,71.9,0.0,0,7,87,0.0,0,553,2,63,96.0,531,24.4,135,78.7,99,3,75.6,418,1020,262,4.2,16.2,1.92
Bernard Berrian,1799,WR,MIN,17,16.7,7,51.0,,0,0,1,10.7,6,37,18,0,51.4,80.1,71.2,,70.7,0.2,1,8,99,0.0,0,550,2,50,94.7,521,12.9,71,76.9,98,7,86.9,478,1000,343,6.9,20.0,1.92
Bobby Wade,1448,WR,MIN,17,8.1,6,60.2,,0,0,0,12.5,8,34,18,2,43.0,41.6,66.5,,62.8,0.0,0,1,59,0.0,0,492,5,56,93.9,462,68.9,339,85.0,93,2,31.1,153,670,259,4.6,12.0,1.45
Mark Clayton,2239,WR,BLT,19,17.0,3,51.1,,0,0,0,0.0,0,26,3,0,90.3,80.3,69.8,68.4,67.8,0.2,1,2,70,0.4,2,545,2,47,94.3,514,29.7,162,81.5,92,3,69.4,378,774,201,4.3,16.5,1.51
Amani Toomer,169,WR,NYG,17,12.4,2,54.9,,0,0,0,12.3,7,31,21,1,38.8,37.8,59.0,,58.2,0.0,0,2,40,0.0,0,527,2,50,93.0,490,46.3,244,81.1,91,4,53.7,283,606,149,3.0,12.1,1.24
Owen Daniels,3043,TE,HST,16,6.0,2,77.8,,0,0,0,2.8,2,46,13,2,87.3,29.1,78.8,66.2,77.5,85.0,521,4,35,12.6,77,613,3,70,84.3,517,11.7,72,95.5,90,2,1.1,7,862,434,6.2,12.3,1.67
Nate Washington,2832,WR,PIT,19,16.9,3,52.8,,0,0,0,13.0,7,29,25,0,43.1,80.2,66.8,,64.1,0.0,0,4,65,0.0,0,556,2,47,96.0,534,42.4,236,71.0,89,3,57.6,320,693,165,3.5,14.7,1.3
Marques Colston,3197,WR,NO,11,11.5,0,53.4,,0,0,0,16.1,9,35,20,1,29.3,36.4,72.4,65.5,69.5,0.0,0,3,70,0.3,1,370,0,47,95.9,355,59.7,221,87.3,88,5,40.3,149,760,255,5.4,16.2,2.14
Anthony Gonzalez,3648,WR,IND,17,9.3,3,72.4,,0,0,0,8.7,6,40,14,0,58.8,80.6,70.3,,68.2,0.0,0,1,75,0.0,0,484,1,63,96.1,465,55.0,266,110.2,87,4,45.0,218,778,257,4.1,12.3,1.67
Chad Johnson,806,WR,CIN,13,12.9,0,60.9,,0,0,0,10.2,6,36,7,0,54.3,79.8,65.1,42.4,65.2,0.0,0,2,26,0.0,0,530,5,53,96.4,511,8.3,44,84.5,87,4,91.7,486,540,92,1.7,10.2,1.06
Devin Hester,3002,WR,CHI,15,12.2,4,59.3,,0,0,1,8.9,5,29,6,1,51.3,42.4,65.0,,64.5,0.0,0,3,65,0.0,0,414,4,51,96.1,398,20.5,85,80.8,86,3,79.5,329,665,217,4.3,13.0,1.67
Justin Gage,1452,WR,TEN,13,15.6,4,51.2,,0,0,0,13.7,7,36,31,0,32.3,78.5,76.3,,73.8,0.0,0,4,56,0.0,0,398,1,44,96.0,382,8.3,33,86.7,86,6,91.7,365,786,227,5.2,17.9,2.06
Kevin Walter,1549,WR,HST,16,11.2,5,70.6,,0,0,2,4.8,3,39,13,0,77.3,80.9,74.4,74.6,72.3,2.6,14,1,61,1.5,8,536,6,60,95.5,512,39.2,210,131.4,85,8,57.8,310,899,321,5.4,15.0,1.76
Steve Smith,3667,WR,NYG,17,9.2,2,69.4,,0,0,0,11.9,8,36,21,2,46.0,26.1,68.3,,66.1,0.0,0,2,30,0.0,0,382,2,59,93.2,356,46.6,178,83.0,85,1,53.4,204,591,151,2.6,10.0,1.66
Michael Jenkins,1750,WR,ATL,17,13.2,3,64.7,,0,0,0,6.8,4,39,2,0,67.6,79.9,77.4,77.0,74.8,1.6,7,1,62,0.9,4,448,1,55,94.2,422,39.5,177,103.5,85,3,56.0,251,828,197,3.6,15.1,1.96
Zach Miller,3654,TE,OAK,16,9.8,2,67.5,,0,0,0,11.1,7,32,23,0,50.2,80.2,81.3,62.4,76.5,78.4,377,2,63,18.9,91,481,4,56,77.8,374,14.3,69,91.3,83,1,1.2,6,778,280,5.0,13.9,2.08
Brian Westbrook,1094,HB,PHI,17,0.6,2,74.4,,0,0,0,4.7,3,23,24,1,77.4,81.2,58.4,74.9,56.1,0.0,0,0,71,24.7,149,603,0,61,73.0,440,4.8,29,114.8,82,6,7.0,42,519,522,8.6,8.5,1.18
Bo Scaife,2396,TE,TEN,17,4.8,7,75.6,,0,0,1,7.5,5,31,31,1,72.3,45.8,73.8,60.9,68.5,56.4,251,1,44,7.4,33,445,5,62,86.7,386,34.8,155,97.8,82,2,2.7,12,584,392,6.3,9.4,1.51
Kevin Curtis,1389,WR,PHI,12,12.1,6,54.9,,0,0,0,10.0,5,28,24,0,47.8,78.8,66.3,,65.0,0.0,0,5,50,0.0,0,400,1,45,97.5,390,7.3,29,61.1,82,2,92.8,371,601,171,3.8,13.4,1.54
Roy Williams,1728,WR,DAL,15,13.7,4,44.4,,0,0,0,18.2,8,26,9,0,29.6,78.1,55.0,,55.2,0.0,0,4,38,0.0,0,506,4,36,95.7,484,11.3,57,48.9,81,2,88.7,449,430,138,3.8,11.9,0.89
Davone Bess,4694,WR,MIA,17,6.6,7,70.0,,0,0,0,9.7,6,30,17,0,54.8,80.1,82.8,,77.8,0.0,0,1,45,0.0,0,307,0,56,97.1,298,47.2,145,91.0,80,1,52.8,162,608,330,5.9,10.9,2.04
Brandon Stokley,498,WR,DEN,15,9.1,1,61.3,,0,0,0,9.3,5,35,10,0,57.4,79.2,70.6,,68.9,0.6,2,3,36,0.0,0,347,1,49,93.9,326,84.1,292,77.3,80,3,14.1,49,525,180,3.7,10.7,1.61
Heath Miller,2247,TE,PIT,17,5.7,3,74.7,,0,0,1,7.8,5,37,25,1,65.2,44.3,83.1,68.7,74.8,62.4,350,3,30,17.3,97,561,6,59,79.7,447,30.3,170,100.7,79,4,0.7,4,670,342,5.8,11.4,1.5
Antwaan Randle El,1069,WR,WAS,16,8.6,4,67.1,,0,0,0,10.2,6,34,32,0,54.2,80.4,63.2,,60.2,0.0,0,2,31,0.0,0,558,3,53,93.9,524,66.1,369,95.6,79,4,33.7,188,593,204,3.8,11.2,1.13
John Carlson,4352,TE,SEA,16,8.5,1,71.4,,0,0,0,8.3,5,36,29,0,60.9,79.8,81.5,27.4,80.6,82.7,326,3,33,7.9,31,394,2,55,89.6,353,15.7,62,100.9,77,5,1.3,5,627,242,4.4,11.4,1.78
Bobby Engram,177,WR,SEA,13,8.7,2,61.0,,0,0,0,14.5,8,25,29,1,34.9,34.9,63.0,,61.1,0.0,0,2,37,0.0,0,327,1,47,96.6,316,81.0,265,68.6,77,0,18.0,59,489,207,4.4,10.4,1.55
Greg Camarillo,2523,WR,MIA,11,9.7,1,71.4,,0,0,0,3.5,2,31,17,0,80.8,80.1,77.3,,73.8,0.0,0,0,33,0.0,0,336,1,55,97.9,329,49.4,166,103.4,77,2,50.6,170,613,186,3.4,11.1,1.86
Greg Olsen,3647,TE,CHI,16,6.8,3,71.1,,0,0,0,3.6,2,31,6,2,80.4,25.1,70.6,67.4,66.5,45.1,208,1,52,6.9,32,461,1,54,90.5,417,33.8,156,109.2,76,5,15.0,69,574,294,5.4,10.6,1.38
Domenik Hixon,3075,WR,NYG,17,13.5,7,60.0,,0,0,0,6.3,3,30,21,0,73.8,79.3,75.9,,75.6,0.0,0,3,41,0.0,0,331,2,45,93.4,309,14.5,48,79.5,75,2,85.5,283,633,168,3.7,14.1,2.05
Kellen Winslow,1727,TE,CLV,10,8.6,1,57.3,,0,0,1,8.5,4,26,8,1,54.6,47.3,66.4,73.5,69.7,27.7,83,1,30,1.3,4,300,6,43,93.3,280,66.7,200,81.4,75,3,5.3,16,428,123,2.9,10.0,1.53
Dustin Keller,4344,TE,NYJ,16,9.2,3,64.9,,0,0,0,9.4,5,32,22,0,51.5,79.3,73.1,76.2,70.7,47.7,180,0,54,4.2,16,377,1,48,89.4,337,41.4,156,99.8,74,3,9.5,36,535,185,3.9,11.1,1.59
Matt Forte,4358,HB,CHI,16,1.8,10,85.1,,0,0,0,3.1,2,23,6,0,84.4,89.7,59.9,74.9,87.5,0.0,0,1,19,31.5,157,499,0,63,65.9,329,1.0,5,105.9,74,4,4.8,24,477,449,7.1,7.6,1.45
Maurice Jones-Drew,3005,HB,JAX,16,-0.1,16,84.9,,0,0,0,7.5,5,27,15,2,66.4,39.6,59.6,65.6,72.7,0.0,0,0,26,25.3,117,463,1,62,71.5,331,0.9,4,108.3,73,2,2.6,12,569,595,9.6,9.2,1.72
Josh Reed,1043,WR,BUF,13,9.0,6,77.8,,0,0,0,3.4,2,36,4,0,81.4,79.9,74.8,,71.2,0.0,0,2,24,0.0,0,404,0,56,95.5,386,55.0,222,94.3,72,1,44.8,181,597,174,3.1,10.7,1.55
Kevin Faulk,470,HB,NE,15,0.9,6,81.7,,0,0,0,4.9,3,23,19,0,75.4,88.5,67.4,27.4,78.5,0.0,0,2,22,15.3,58,379,0,58,82.6,313,5.5,21,97.5,71,3,8.2,31,486,490,8.4,8.4,1.55
Reggie Bush,2947,HB,NO,10,1.7,10,74.3,,0,0,0,10.3,6,22,20,1,47.6,61.4,54.5,25.0,64.7,0.0,0,0,42,9.6,28,293,1,52,86.0,252,16.4,48,109.4,70,4,7.5,22,443,406,7.8,8.5,1.76
Todd Heap,801,TE,BLT,19,9.1,4,57.1,,0,0,0,16.7,8,26,3,1,30.0,30.1,71.0,72.6,58.9,54.5,312,1,31,24.1,138,573,5,40,71.7,411,22.5,129,86.8,70,3,6.6,38,483,212,5.3,12.1,1.18
Jeremy Shockey,1021,TE,NO,12,6.8,3,71.4,,0,0,0,10.7,6,30,20,2,51.5,26.3,73.0,71.2,66.5,58.1,201,2,26,13.3,46,346,1,50,82.7,286,34.4,119,78.5,70,0,4.0,14,483,222,4.4,9.7,1.69
Jason Avant,3054,WR,PHI,18,11.3,3,61.4,,0,0,0,4.4,2,28,24,0,75.6,78.4,69.7,,66.5,0.0,0,0,31,0.0,0,413,2,43,97.6,403,91.5,378,92.0,70,2,8.2,34,490,121,2.8,11.4,1.22
LaDainian Tomlinson,777,HB,SD,17,-0.7,5,75.4,,0,0,0,10.3,6,18,27,1,46.2,90.2,50.6,28.8,50.7,0.0,0,0,32,17.2,74,430,2,52,78.6,338,0.7,3,94.8,69,1,1.2,5,415,481,9.3,8.0,1.23
Patrick Crayton,1932,WR,DAL,16,10.1,3,57.4,,0,0,0,11.4,5,24,9,1,49.2,44.1,60.3,,56.1,0.0,0,0,55,0.0,0,463,1,39,96.1,445,64.1,297,103.2,68,4,35.9,166,550,210,5.4,14.1,1.24
Bryant Johnson,1333,WR,SF,16,10.5,1,66.2,,0,0,0,8.2,4,28,28,0,62.5,78.9,64.6,,63.4,0.0,0,2,42,0.0,0,525,1,45,93.9,493,47.4,249,93.1,68,3,52.6,276,546,161,3.6,12.1,1.11
Chris Chambers,821,WR,SD,16,14.2,1,60.3,,0,0,0,2.4,1,28,27,0,83.6,78.6,67.4,,67.2,0.0,0,4,48,0.0,0,497,3,41,95.8,476,32.2,160,88.5,68,5,67.8,337,591,102,2.5,14.4,1.24
Desmond Clark,529,TE,CHI,16,6.6,2,60.3,,0,0,0,8.9,4,18,6,1,59.3,30.3,70.8,72.5,53.4,73.5,327,3,36,10.1,45,445,0,41,87.6,390,14.2,63,66.3,68,2,7.0,31,368,173,4.2,9.0,0.94
Justin McCareins,872,WR,TEN,15,15.8,2,47.8,,0,0,0,15.8,6,24,31,1,29.7,21.7,59.0,,57.9,0.0,0,3,37,0.0,0,375,2,32,94.4,354,20.3,76,50.3,67,0,79.7,299,436,92,2.9,13.6,1.23
L.J. Smith,1376,TE,PHI,15,5.6,4,60.6,,0,0,0,11.1,5,17,24,0,50.6,78.2,60.8,58.3,56.9,81.2,323,4,25,15.3,61,398,3,40,81.7,325,14.1,56,62.4,66,3,4.0,16,315,197,4.9,7.9,0.97
Dennis Northcutt,605,WR,JAX,14,11.5,3,66.7,,0,0,0,10.2,5,27,15,1,62.0,48.0,72.9,,71.9,0.0,0,2,41,0.0,0,297,0,44,97.0,288,73.7,219,89.8,66,2,26.3,78,549,121,2.8,12.5,1.91
Plaxico Burress,586,WR,NYG,10,14.3,1,53.8,,0,0,0,14.6,6,25,21,0,29.4,77.6,65.0,,63.6,0.0,0,3,33,0.0,0,300,3,35,91.3,274,20.3,61,77.3,65,4,79.7,239,454,66,1.9,13.0,1.66
Marshawn Lynch,3628,HB,BUF,15,-1.2,10,73.4,,0,0,1,17.5,10,14,4,0,29.3,75.0,69.3,45.5,50.3,0.0,0,0,42,19.7,77,391,3,47,77.5,303,3.8,15,88.0,64,1,3.6,14,300,383,8.1,6.4,0.99
Marcedes Lewis,2973,TE,JAX,16,9.4,6,64.1,,0,0,0,22.6,12,21,15,0,27.6,78.4,63.5,63.6,48.0,68.7,393,0,30,12.1,69,572,8,41,84.1,481,25.9,148,97.7,64,2,1.4,8,489,157,3.8,11.9,1.02
Brandon Jones,2313,WR,TEN,17,10.3,3,68.3,,0,0,1,4.4,2,26,31,0,68.0,78.9,67.9,25.7,65.3,0.0,0,1,40,0.0,0,380,4,43,94.7,360,54.5,207,88.4,63,1,45.5,173,465,136,3.2,10.8,1.29
Rashied Davis,2554,WR,CHI,15,11.0,2,56.5,,0,0,0,18.6,8,21,6,0,28.8,78.1,60.7,,59.4,0.0,0,1,36,0.0,0,389,3,35,96.4,375,52.7,205,83.1,62,2,47.3,184,445,156,4.5,12.7,1.19
Visanthe Shiancoe,1406,TE,MIN,17,11.2,3,69.4,,0,0,0,8.5,4,30,18,0,60.4,78.5,83.2,69.6,74.9,77.6,329,2,40,6.8,29,424,1,43,87.5,371,13.2,56,124.6,62,7,7.8,33,603,189,4.4,14.0,1.63
Warrick Dunn,236,HB,TB,15,0.6,3,77.0,,0,0,0,11.3,6,11,30,0,49.1,90.7,58.1,53.6,54.8,0.0,0,1,36,20.8,81,390,0,47,76.9,300,2.6,10,82.0,61,0,2.6,10,330,303,6.4,7.0,1.1
Marion Barber III,2326,HB,DAL,15,-0.1,10,86.7,,0,0,0,5.5,3,18,9,4,79.6,31.2,52.6,67.4,48.6,0.0,0,0,70,24.0,102,425,1,52,72.5,308,0.2,1,107.9,60,2,1.2,5,434,447,8.6,8.3,1.41
Billy Miller,534,TE,NO,15,8.4,1,75.0,,0,0,2,2.2,1,30,20,0,85.0,78.9,84.7,48.2,82.1,54.2,188,0,41,14.7,51,347,6,45,81.6,283,31.1,108,110.3,60,1,0.6,2,579,198,4.4,12.9,2.05
Chris Johnson,4338,HB,TEN,16,-0.5,4,73.3,,0,0,0,12.0,6,12,31,0,45.9,89.2,69.1,47.4,50.1,0.0,0,0,28,20.9,78,374,2,44,74.9,280,1.6,6,88.7,60,1,1.3,5,288,331,7.5,6.5,1.03
Kevin Boss,3769,TE,NYG,16,8.2,7,60.0,,0,0,0,7.7,3,25,21,0,63.4,77.6,83.5,61.2,63.4,78.8,353,2,28,19.9,89,448,5,36,76.3,342,18.8,84,101.8,60,6,1.3,6,436,185,5.1,12.1,1.27
Shaun McDonald,1418,WR,DET,12,10.9,6,58.3,,0,0,0,14.6,6,19,11,1,38.9,28.6,57.3,,57.2,0.0,0,2,26,0.0,0,339,1,35,95.3,323,50.1,170,65.9,60,1,49.9,169,339,74,2.1,9.7,1.05
Mark Bradley,2256,WR,KC,11,12.7,2,50.0,,0,0,1,11.8,4,14,16,0,48.9,76.7,59.2,,57.0,0.0,0,1,56,0.0,0,344,2,30,95.3,328,8.7,30,79.9,60,3,91.3,314,380,98,3.3,12.7,1.16
Jabar Gaffney,1040,WR,NE,16,11.1,1,64.4,,0,0,0,17.4,8,26,19,0,29.6,77.9,57.9,,54.7,0.0,0,0,37,0.0,0,504,2,38,96.8,488,36.5,184,100.1,59,2,63.5,320,468,109,2.9,12.3,0.96
Michael Clayton,1736,WR,TB,15,7.9,1,64.4,,0,0,0,15.6,7,21,30,1,34.0,30.1,63.4,68.2,56.8,0.2,1,2,58,0.2,1,472,4,38,96.4,455,36.9,174,81.5,59,1,62.9,297,484,200,5.3,12.7,1.06
Leon Washington,3062,HB,NYJ,16,0.7,10,79.7,,0,0,0,11.3,6,18,22,1,49.2,67.3,61.6,61.2,59.7,0.0,0,1,40,13.9,41,296,2,47,81.4,241,16.9,50,97.1,59,2,3.0,9,371,380,8.1,7.9,1.54
Tony Scheffler,3006,TE,DEN,13,13.3,4,67.8,,0,0,0,13.0,6,28,10,1,42.7,30.2,74.5,53.0,71.0,29.8,81,2,72,4.0,11,272,2,40,90.4,246,59.9,163,107.0,59,3,9.6,26,645,210,5.3,16.1,2.62
Reggie Williams,1730,WR,JAX,15,9.9,0,63.8,,0,0,0,11.9,5,22,15,0,50.0,78.2,60.6,,58.1,0.0,0,3,32,0.0,0,386,3,37,94.8,366,17.4,67,77.1,58,3,82.4,318,364,69,1.9,9.8,0.99
Derrick Ward,1949,HB,NYG,17,-0.6,7,79.3,,0,0,0,13.2,7,15,21,0,40.7,73.6,73.9,78.5,59.5,0.0,0,0,48,30.7,113,368,0,46,66.8,246,1.6,6,96.0,58,0,4.6,17,408,452,9.8,8.9,1.66
Frank Gore,2282,HB,SF,14,1.0,8,74.1,,0,0,0,8.5,4,15,28,0,54.6,40.7,53.5,64.9,57.6,0.0,0,1,26,21.0,93,442,2,43,73.8,326,3.6,16,95.0,58,2,4.3,19,373,355,8.3,8.7,1.14
Hank Baskett,3220,WR,PHI,17,10.5,3,60.3,,0,0,0,14.6,6,23,24,1,37.2,39.2,62.8,69.3,60.0,2.8,10,2,90,0.6,2,353,2,35,96.3,340,46.2,163,88.1,58,3,50.7,179,458,157,4.5,13.1,1.35
Jerramy Stevens,1035,TE,TB,14,8.3,1,62.5,,0,0,0,12.5,5,16,30,0,45.4,77.3,56.0,42.4,53.9,71.6,247,2,31,3.2,11,345,3,35,92.5,319,14.2,49,79.8,56,2,13.3,46,385,162,4.6,11.0,1.21
Jerheme Urban,1709,WR,ARZ,20,8.4,3,71.4,,0,0,0,9.1,4,22,1,0,66.2,78.3,60.7,67.5,58.4,0.0,0,5,56,0.5,2,444,2,40,95.5,424,87.8,390,85.1,56,4,11.9,53,496,208,5.2,12.4,1.17
Deion Branch,1072,WR,SEA,8,12.4,1,53.6,,0,0,0,3.2,1,18,29,0,67.5,76.5,74.2,,72.3,0.0,0,2,63,0.0,0,254,0,30,96.9,246,11.8,30,86.3,56,4,88.2,224,412,160,5.3,13.7,1.67
Steven Jackson,1745,HB,SL,12,0.1,10,71.4,,0,0,0,14.9,7,15,26,0,38.3,46.7,53.3,57.4,60.8,0.0,0,1,53,19.9,66,331,3,40,75.5,250,5.7,19,88.3,56,1,5.1,17,379,414,10.4,9.5,1.52
Devery Henderson,1771,WR,NO,16,20.2,0,57.1,,0,0,0,8.6,3,27,20,1,59.5,40.8,60.3,,58.7,0.0,0,5,84,0.0,0,553,2,32,96.6,534,35.4,196,82.4,56,3,64.6,357,793,269,8.4,24.8,1.49
Steve Slaton,4403,HB,HST,16,-1.6,11,89.3,,0,0,0,0.0,0,15,13,1,90.5,66.5,70.3,64.0,72.2,0.0,0,0,58,19.0,86,453,0,50,78.4,355,1.3,6,103.7,56,1,7.1,32,418,497,9.9,8.4,1.18
Koren Robinson,2864,WR,SEA,12,12.7,1,55.4,,0,0,0,16.2,6,22,29,0,29.9,76.9,63.7,,61.5,0.0,0,5,90,0.0,0,369,1,31,97.3,359,23.6,87,52.7,56,2,76.4,282,400,132,4.3,12.9,1.11
Chester Taylor,1182,HB,MIN,17,0.0,5,89.3,,0,0,0,2.0,1,19,18,3,86.9,56.8,68.6,63.5,71.0,0.0,0,0,47,19.7,53,269,0,50,75.1,202,0.7,2,110.9,56,2,2.2,6,435,433,8.7,8.7,2.15
Brent Celek,3778,TE,PHI,19,5.1,5,82.1,,0,0,0,13.2,7,26,24,0,40.8,78.8,70.9,69.9,67.4,80.2,299,0,44,23.6,88,373,0,46,74.3,277,14.5,54,125.4,56,4,2.9,11,469,266,5.8,10.2,1.69
Ike Hilliard,233,WR,TB,16,6.6,3,85.5,,0,0,0,2.1,1,31,30,1,86.2,50.2,72.7,,72.9,0.0,0,2,36,0.0,0,347,2,47,94.8,329,81.8,284,107.9,55,4,18.2,63,424,131,2.8,9.0,1.29
Mewelde Moore,1840,HB,PIT,19,2.0,10,83.0,,0,0,0,6.4,3,17,25,1,61.2,76.9,57.9,46.7,61.2,0.0,0,0,25,27.2,115,423,0,44,70.4,298,11.3,48,100.1,53,1,2.6,11,345,273,6.2,7.8,1.16
Dominic Rhodes,979,HB,IND,16,1.4,0,84.9,,0,0,0,8.2,4,14,14,0,70.3,90.5,64.3,67.2,69.5,0.0,0,0,29,21.3,66,310,1,45,74.8,232,1.6,5,109.3,53,3,3.5,11,302,264,5.9,6.7,1.3
Jordy Nelson,4350,WR,GB,16,11.6,4,62.3,,0,0,0,8.3,3,18,12,0,63.0,77.4,63.3,66.1,62.0,0.0,0,2,29,0.3,1,347,1,33,96.0,333,15.3,53,79.6,53,2,84.7,294,366,94,2.8,11.1,1.1
Kevin Smith,4378,HB,DET,16,0.9,6,75.0,,0,0,1,7.1,3,9,11,0,74.7,77.0,63.6,65.0,57.7,0.0,0,1,27,20.2,92,456,3,39,76.1,347,0.7,3,79.5,52,0,2.6,12,286,272,7.0,7.3,0.82
Robert Royal,1151,TE,BUF,15,6.7,0,64.7,,0,0,0,17.5,7,14,4,2,29.8,21.4,61.1,83.3,48.2,61.6,218,3,30,11.0,39,354,1,33,85.0,301,19.5,69,66.7,51,1,1.1,4,351,140,4.2,10.6,1.17
Anthony Fasano,2998,TE,MIA,17,9.2,4,66.7,,0,0,0,12.8,5,25,17,0,45.2,77.3,82.8,75.0,60.9,62.7,338,2,24,26.5,143,539,3,34,71.6,386,29.7,160,118.0,51,7,0.4,2,454,158,4.6,13.4,1.18
Jerious Norwood,3024,HB,ATL,17,2.6,8,74.0,,0,0,0,7.5,3,13,2,0,57.9,75.8,56.9,66.4,55.7,0.0,0,0,67,17.2,53,308,0,37,78.2,241,4.9,15,107.6,50,2,7.5,23,366,377,10.2,9.9,1.52
Donald Lee,1465,TE,GB,16,6.9,3,79.6,,0,0,0,9.3,4,12,12,0,58.4,78.1,60.3,72.5,50.4,57.6,259,1,26,13.1,59,450,1,39,82.2,370,26.2,118,117.9,49,5,2.2,10,303,118,3.0,7.8,0.82
Tim Hightower,4463,HB,ARZ,20,0.0,2,75.5,,0,0,0,17.8,8,14,1,1,39.5,66.6,47.0,62.9,44.4,0.0,0,0,26,18.7,67,358,0,37,77.9,279,8.7,31,100.2,49,2,0.0,0,254,277,7.5,6.9,0.91
Daniel Graham,1028,TE,DEN,16,7.8,7,66.7,,0,0,0,13.5,5,20,10,0,44.2,77.2,68.3,60.7,50.4,81.8,484,0,28,21.6,128,592,3,32,73.8,437,12.8,76,119.5,48,4,2.2,13,393,210,6.6,12.3,0.9
Vernon Davis,2951,TE,SF,16,7.6,4,64.6,,0,0,0,16.2,6,15,28,2,29.6,24.8,65.3,64.1,46.5,85.9,372,1,57,29.6,128,433,7,31,66.7,289,6.9,30,92.2,48,2,1.4,6,358,261,8.4,11.5,1.24
Ronald Curry,1199,WR,OAK,12,13.5,1,40.4,,0,0,0,17.4,4,14,23,0,33.8,74.4,60.1,,55.9,0.9,2,0,16,0.0,0,213,0,19,94.8,202,55.4,118,67.4,47,2,43.2,92,197,50,2.6,10.4,0.98
Brandon Lloyd,1436,WR,CHI,11,14.0,3,56.5,,0,0,1,3.7,1,18,6,0,75.7,75.9,72.4,,72.0,0.0,0,3,32,0.0,0,235,2,26,97.0,228,14.0,33,69.5,46,2,86.0,202,364,82,3.2,14.0,1.6
David Martin,916,TE,MIA,17,9.6,0,73.9,,0,0,0,2.9,1,21,17,1,89.3,28.7,85.6,57.9,73.1,42.9,121,1,61,8.9,25,282,0,34,90.1,254,30.1,85,117.7,46,3,21.3,60,456,154,4.5,13.4,1.8
Dane Looker,755,WR,SL,13,11.1,0,51.1,,0,0,0,11.5,3,12,26,2,52.0,19.9,50.3,,49.0,0.0,0,0,30,0.0,0,316,1,23,93.7,296,72.5,229,84.6,45,2,26.9,85,271,73,3.2,11.8,0.92
Ronnie Brown,2219,HB,MIA,17,1.5,8,86.7,,0,0,1,9.3,4,14,17,0,58.4,75.8,62.4,69.7,54.4,0.0,0,0,39,28.0,101,361,1,39,69.0,249,7.8,28,101.6,45,1,6.1,22,297,235,6.0,7.6,1.19
Darren Sproles,2347,HB,SD,17,0.0,7,86.7,,0,0,0,2.5,1,19,27,2,82.6,50.7,75.6,61.9,80.0,0.0,0,0,66,16.1,29,180,0,39,81.7,147,0.0,0,150.5,45,6,1.1,2,478,493,12.6,12.3,3.25
Ray Rice,4369,HB,BLT,14,0.0,4,80.0,,0,0,0,5.3,2,14,3,0,73.3,71.4,54.3,51.3,75.3,0.0,0,2,40,20.2,42,208,2,36,75.5,157,4.3,9,77.4,45,0,3.4,7,316,339,9.4,8.8,2.01
J.J. Arrington,2261,HB,ARZ,15,-0.6,3,81.8,,0,0,0,10.0,4,18,1,0,55.6,83.6,63.3,74.0,65.3,0.0,0,2,35,15.3,36,235,0,36,79.6,187,11.9,28,84.9,44,1,3.4,8,313,369,10.3,8.7,1.67
Marty Booker,487,WR,CHI,13,13.8,0,32.6,,0,0,0,17.6,3,9,6,0,29.9,73.2,53.9,,54.0,0.0,0,1,51,0.0,0,245,1,14,96.3,236,15.9,39,55.5,43,2,84.1,206,211,101,7.2,15.1,0.89
Chris Henry,2300,WR,CIN,12,15.1,1,44.2,,0,0,0,17.4,4,12,7,0,33.8,74.1,53.5,,52.8,0.0,0,2,22,0.0,0,287,1,19,98.3,282,13.9,40,56.3,43,2,86.1,247,220,23,1.2,11.6,0.78
Alge Crumpler,805,TE,TEN,16,8.2,2,60.5,,0,0,0,18.8,6,12,31,2,29.6,21.0,72.1,68.8,40.8,89.5,274,1,28,11.1,34,306,1,26,85.3,261,7.8,24,76.3,43,1,2.0,6,266,160,6.2,10.2,1.02
Fred Jackson,3368,HB,BUF,16,0.3,13,86.0,,0,0,0,5.1,2,11,4,0,73.2,74.8,67.2,69.5,78.2,0.0,0,0,65,17.2,35,204,0,37,77.9,159,10.3,21,97.4,43,0,6.9,14,317,303,8.2,8.6,1.99
Chansi Stuckey,3851,WR,NYJ,15,6.2,6,74.4,,0,0,0,0.0,0,22,22,0,88.3,77.1,60.3,,61.2,0.0,0,2,31,0.0,0,330,2,32,93.0,307,85.8,283,102.8,43,3,14.2,47,359,200,6.3,11.2,1.17
Roscoe Parrish,2272,WR,BUF,13,10.0,3,57.1,,0,0,0,7.7,2,16,4,0,62.3,76.0,60.2,,58.9,0.4,1,1,22,0.0,0,275,0,24,96.0,264,50.2,138,70.7,42,1,49.5,136,232,79,3.3,9.7,0.88
Thomas Jones,585,HB,NYJ,16,-0.8,3,85.7,,0,0,1,0.0,0,12,22,0,72.0,77.7,54.2,76.6,63.1,0.0,0,1,19,16.7,39,234,1,36,78.2,183,2.1,5,93.2,42,2,0.9,2,207,248,6.9,5.8,1.13
Jason Hill,3692,WR,SF,13,8.2,8,71.4,,0,0,0,3.2,1,20,28,1,77.5,27.8,65.8,,64.3,0.0,0,2,33,0.0,0,240,0,30,96.3,231,82.9,199,97.0,42,3,17.1,41,317,120,4.0,10.6,1.37
Benjamin Watson,1753,TE,NE,14,10.3,1,52.4,,0,0,0,21.4,6,12,19,1,29.0,25.3,64.7,64.8,44.8,53.8,250,3,29,17.8,83,465,3,22,79.6,370,41.1,191,52.6,42,2,4.7,22,209,53,2.4,9.5,0.56
Johnnie Lee Higgins,3715,WR,OAK,16,13.8,0,53.7,,0,0,0,12.0,3,13,23,0,49.1,75.9,59.1,,57.7,0.0,0,1,84,0.0,0,213,1,22,96.2,205,48.4,103,106.4,41,4,51.6,110,366,213,9.7,16.6,1.79
Ashley Lelie,1026,WR,OAK,13,17.9,1,26.8,,0,0,0,15.4,2,9,23,0,29.9,71.5,54.8,,50.8,0.0,0,2,51,0.0,0,248,1,11,95.2,236,14.9,37,43.0,41,2,85.1,211,197,24,2.2,17.9,0.83
Harry Douglas,4398,WR,ATL,17,10.9,1,58.5,,0,0,0,14.3,4,13,2,0,42.9,78.7,59.9,,54.7,0.0,0,2,69,0.0,0,336,0,24,94.3,317,83.3,280,71.2,41,1,12.8,43,320,124,5.2,13.3,1.01
Joseph Addai,2975,HB,IND,13,1.7,3,72.5,,0,0,0,14.7,5,10,14,0,41.2,78.6,56.4,58.8,57.2,0.0,0,0,55,27.6,85,308,0,29,69.8,215,1.3,4,103.5,40,2,2.9,9,234,184,6.3,8.1,1.09
Steve Heiden,481,TE,CLV,14,6.4,2,57.5,,0,0,0,8.0,2,14,8,0,61.3,75.1,80.9,73.7,54.3,61.4,183,0,51,18.5,55,298,0,23,77.9,232,26.5,79,75.9,40,0,1.7,5,249,114,5.0,10.8,1.07
Reggie Kelly,468,TE,CIN,16,5.1,1,79.5,,0,0,1,6.1,2,5,7,0,68.1,76.6,61.0,63.3,37.2,63.2,266,4,31,20.2,85,421,2,31,77.4,326,16.9,71,49.2,39,0,1.2,5,207,89,2.9,6.7,0.63
Josh Morgan,4488,WR,SF,12,13.0,1,51.3,,0,0,0,13.0,3,12,28,0,48.0,74.6,61.8,,60.9,0.0,0,2,48,0.0,0,253,2,20,95.3,241,15.0,38,83.2,39,3,85.0,215,319,102,5.1,16.0,1.32
Ricky Williams,440,HB,MIA,17,2.9,3,76.9,,0,0,1,9.1,3,9,17,1,57.8,34.8,52.6,80.7,62.5,0.4,1,0,47,23.1,56,242,1,30,76.0,184,7.0,17,98.7,39,1,3.3,8,224,181,6.0,7.5,1.22
Arnaz Battle,1499,WR,SF,8,9.1,1,61.5,,0,0,0,11.1,3,18,28,0,52.7,75.8,69.3,,69.9,0.0,0,6,36,0.0,0,195,2,24,91.8,179,81.0,158,47.8,39,0,17.4,34,318,143,6.0,13.3,1.78
Donte' Stallworth,1020,WR,CLV,11,9.4,2,43.6,,0,0,0,26.1,6,8,8,0,27.9,74.0,47.1,,46.1,0.0,0,1,19,0.0,0,328,1,17,95.1,312,21.0,69,54.4,39,1,79.0,259,170,89,5.2,10.0,0.54
Jamaal Charles,4387,HB,KC,16,0.0,4,71.1,,0,0,0,15.6,5,9,16,1,36.4,36.4,62.6,78.8,50.4,0.0,0,0,75,21.1,61,289,0,27,75.4,218,1.0,3,99.9,38,1,8.7,25,272,315,11.7,10.1,1.25
Pierre Thomas,4080,HB,NO,13,-0.1,5,83.8,,0,0,0,3.1,1,15,20,0,88.3,73.8,64.5,65.2,79.3,0.0,0,1,24,13.8,28,203,0,31,84.2,171,2.0,4,114.4,37,3,3.9,8,284,323,10.4,9.2,1.66
Darren McFadden,4318,HB,OAK,13,-0.1,3,78.4,,0,0,0,0.0,0,13,23,0,88.0,46.3,54.3,45.6,87.1,0.0,0,1,27,12.5,18,144,3,29,81.3,117,4.2,6,85.7,37,0,18.8,27,269,303,10.4,9.3,2.3
Brian Finneran,423,WR,ATL,17,8.5,1,62.2,,0,0,0,14.8,4,15,2,1,40.2,25.5,64.6,28.8,61.0,9.9,16,0,14,0.0,0,162,0,23,96.3,156,27.8,45,83.2,37,1,61.7,100,180,51,2.2,7.8,1.15
Alex Smith,2288,TE,TB,14,8.0,5,56.8,,0,0,0,22.2,6,15,30,0,28.9,75.0,68.6,51.8,59.8,76.1,207,0,34,10.3,28,272,1,21,87.5,238,14.3,39,104.6,37,3,7.7,21,250,146,7.0,11.9,1.05
Greg Lewis,1650,WR,PHI,15,14.8,2,55.6,,0,0,0,13.0,3,13,24,0,46.6,74.4,61.0,,59.6,0.0,0,1,52,0.0,0,156,1,20,95.5,149,29.5,46,74.4,36,1,70.5,110,245,48,2.4,12.3,1.64
Reggie Brown,2252,WR,PHI,12,11.7,1,55.6,,0,0,0,16.7,4,13,24,0,35.5,74.8,63.6,,60.6,0.5,1,1,40,0.0,0,190,1,20,97.9,186,11.6,22,77.2,36,1,87.9,167,269,72,3.6,13.5,1.45
Malcom Floyd,2044,WR,SD,10,17.4,1,75.0,,0,0,0,3.6,1,21,27,0,66.0,76.1,82.7,,82.1,0.0,0,0,49,0.0,0,186,1,27,93.5,174,18.3,34,153.7,36,4,81.7,152,465,65,2.4,17.2,2.67
Correll Buckhalter,869,HB,PHI,17,0.4,5,83.3,,0,0,0,6.3,2,17,24,0,67.3,87.9,73.7,40.2,85.3,0.5,1,0,59,23.3,51,219,1,30,75.3,165,4.6,10,126.3,36,2,0.5,1,355,342,11.4,11.8,2.15
Brandon Jackson,3679,HB,GB,13,-0.7,3,83.3,,0,0,0,11.8,4,6,12,0,51.7,55.5,62.1,74.5,50.4,0.0,0,1,18,25.2,66,262,0,30,70.6,185,1.1,3,76.5,36,0,0.4,1,185,222,7.4,6.2,1.0
Syndric Steptoe,3850,WR,CLV,16,6.9,5,52.8,,0,0,0,20.8,5,8,8,1,29.3,23.9,46.7,70.3,43.6,0.0,0,2,53,0.6,2,343,2,19,94.8,325,73.2,251,44.0,36,0,26.2,90,182,57,3.0,9.6,0.56
Sidney Rice,3660,WR,MIN,14,11.3,1,48.6,,0,0,1,0.0,0,14,18,0,82.2,73.9,67.9,,69.1,0.0,0,3,23,0.0,0,180,1,17,92.8,167,15.6,28,64.9,35,4,84.4,152,168,45,2.6,9.9,1.01
Clinton Portis,1058,HB,WAS,16,-0.6,2,80.0,,0,0,1,17.6,6,11,32,0,30.1,72.5,68.5,79.7,46.2,0.0,0,1,29,29.3,109,372,2,28,67.2,250,2.7,10,80.7,35,0,5.9,22,218,248,8.9,7.8,0.87
Jason Wright,2212,HB,CLV,15,2.1,5,62.9,,0,0,0,15.4,4,7,8,0,40.6,80.7,57.5,73.2,41.1,0.0,0,2,17,25.1,63,251,0,22,71.7,180,2.0,5,58.7,35,1,0.0,0,156,130,5.9,7.1,0.87
Dante Rosario,3771,TE,CAR,17,10.0,0,60.0,,0,0,0,8.7,2,13,5,0,48.2,74.6,61.9,79.2,52.0,47.7,144,3,24,8.9,27,302,7,21,87.1,263,40.7,123,54.1,35,1,7.3,22,237,84,4.0,11.3,0.9
Willis McGahee,1339,HB,BLT,16,1.4,6,80.0,,0,0,0,12.5,4,10,3,2,46.5,45.5,45.6,74.2,34.5,0.0,0,0,35,28.4,69,243,2,28,67.5,164,2.1,5,90.4,35,0,2.5,6,199,212,7.6,7.1,1.21
Adrian Peterson,3623,HB,MIN,17,0.1,2,61.8,,0,0,0,22.2,6,4,18,0,29.0,29.7,64.9,62.5,33.9,0.0,0,1,16,20.1,64,319,1,21,74.9,239,0.9,3,56.6,34,0,3.8,12,125,140,6.7,6.0,0.52
Devard Darling,1803,WR,KC,15,12.5,2,51.5,,0,0,2,0.0,0,8,16,0,82.2,73.6,53.4,68.2,52.0,0.3,1,3,68,0.3,1,350,2,17,97.1,340,57.7,202,48.4,33,1,42.0,147,247,113,6.6,14.5,0.73
Mike Furrey,726,WR,DET,9,9.4,0,56.3,,0,0,0,5.3,1,9,11,0,45.4,74.1,56.2,,54.3,0.5,1,2,25,0.0,0,211,0,18,96.2,203,86.7,183,46.7,32,0,12.8,27,183,61,3.4,10.2,0.9
Earnest Graham,1613,HB,TB,10,2.3,4,71.9,,0,0,0,17.9,5,6,30,0,40.4,57.2,60.5,86.1,43.9,0.0,0,0,24,14.6,35,240,0,23,81.3,195,4.2,10,84.6,32,0,4.6,11,174,133,5.8,7.6,0.89
Jamal Lewis,583,HB,CLV,16,-0.4,4,74.2,,0,0,0,14.8,4,8,8,1,40.0,76.1,45.4,53.5,39.1,0.0,0,1,18,27.4,65,237,0,23,70.5,167,4.6,11,74.4,31,0,3.0,7,178,190,8.3,7.7,1.07
Chris Perry,1747,HB,CIN,13,0.7,2,64.5,,0,0,0,13.0,3,5,7,0,47.8,27.2,36.3,74.4,51.8,0.0,0,0,12,21.6,52,241,0,20,75.9,183,4.1,10,68.3,31,0,2.5,6,71,84,4.2,3.6,0.39
Leonard Weaver,2835,FB,SEA,14,1.7,3,64.5,,0,0,0,4.8,1,6,29,0,71.8,42.5,56.4,31.6,61.3,0.0,0,0,62,21.9,60,274,3,20,76.3,209,1.5,4,107.2,31,2,1.8,5,222,213,10.7,11.1,1.06
Antonio Chatman,946,WR,CIN,10,8.6,2,70.0,,0,0,0,4.5,1,10,7,1,71.3,25.6,59.8,,59.9,0.0,0,1,25,0.0,0,178,0,21,96.1,171,36.0,64,73.5,30,0,64.0,114,194,124,5.9,9.2,1.13
Michael Gaines,1946,TE,DET,16,6.9,2,76.7,,0,0,0,17.9,5,14,11,3,30.2,14.4,50.1,43.3,40.2,83.3,230,0,33,23.9,66,276,4,23,72.1,199,5.8,16,114.2,30,1,0.7,2,267,96,4.2,11.6,1.34
John Standeford,2183,WR,DET,9,16.5,1,50.0,,0,0,0,0.0,0,9,11,1,81.1,22.6,60.5,,59.4,0.0,0,1,36,0.0,0,209,1,15,92.8,194,30.6,64,63.7,30,0,69.4,145,244,42,2.8,16.3,1.26
Chaz Schilens,4540,WR,OAK,16,15.1,1,50.0,,0,0,3,0.0,0,9,23,0,81.1,73.5,60.0,,59.7,0.4,1,1,60,0.0,0,224,4,15,96.9,217,32.6,73,83.5,30,2,67.0,150,226,53,3.5,15.1,1.04
Patrick Cobbs,3272,HB,MIA,16,4.7,1,76.7,,0,0,0,8.0,2,13,17,0,61.5,29.2,68.6,76.7,74.7,0.0,0,2,80,4.2,5,120,0,23,93.3,112,17.5,21,106.3,30,2,41.7,50,330,231,10.0,14.3,2.95
Le'Ron McClain,3753,HB,BLT,19,-1.2,5,63.3,,0,0,1,24.0,6,8,3,1,28.6,41.8,43.3,79.3,30.2,9.0,26,0,25,37.9,110,290,3,19,58.3,169,3.1,9,83.1,30,1,3.1,9,123,154,8.1,6.5,0.73
DeAngelo Williams,2972,HB,CAR,17,-0.4,5,76.7,,0,0,1,11.5,3,7,5,0,50.4,91.3,81.4,50.1,44.9,0.0,0,0,25,21.9,68,311,1,23,74.9,233,0.6,2,105.8,30,2,3.5,11,127,161,7.0,5.5,0.55
Jeff King,3100,TE,CAR,17,7.9,2,70.0,,0,0,0,16.0,4,8,5,0,38.0,74.8,78.2,54.1,41.9,76.0,250,1,31,23.1,76,329,6,21,72.9,240,19.5,64,84.7,30,1,1.5,5,195,80,3.8,9.3,0.81
Chris Baker,1091,TE,NYJ,15,8.0,0,72.4,,0,0,0,4.5,1,11,22,0,71.5,74.6,73.7,36.5,52.8,71.6,184,0,29,12.5,32,257,4,21,80.5,207,25.7,66,90.3,29,0,2.7,7,194,80,3.8,9.2,0.94
Tashard Choice,4436,HB,DAL,11,-1.3,1,72.4,,0,0,0,8.7,2,6,9,0,59.9,88.0,56.7,49.3,69.2,0.0,0,0,50,29.7,46,155,0,21,69.7,108,0.0,0,89.2,29,0,1.3,2,186,218,10.4,8.9,1.72
James Jones,3694,WR,GB,10,10.6,1,69.0,,0,0,0,16.7,4,16,12,0,35.9,74.4,70.9,,69.0,0.0,0,0,46,0.0,0,141,0,20,97.2,137,17.7,25,110.4,29,1,82.3,116,274,65,3.3,13.7,2.0
Mike Sims-Walker,3695,WR,JAX,9,14.8,0,55.2,,0,0,0,20.0,4,11,15,0,31.9,73.9,63.0,61.4,61.3,0.0,0,3,32,0.6,1,160,0,16,92.5,148,22.5,36,39.7,29,0,77.5,124,217,27,1.7,13.6,1.47
Javon Walker,1027,WR,OAK,8,12.0,2,51.7,,0,0,0,6.3,1,12,23,0,65.9,73.0,61.6,,61.3,0.6,1,2,29,0.0,0,181,1,15,97.2,176,6.1,11,56.1,29,1,93.4,169,196,33,2.2,13.1,1.11
Ladell Betts,1063,HB,WAS,13,0.0,3,75.9,,0,0,0,8.3,2,6,32,0,61.3,57.7,55.8,70.4,56.7,0.0,0,0,27,21.2,40,189,0,22,73.0,138,3.2,6,94.0,29,0,6.3,12,200,180,8.2,9.1,1.45
Andre' Davis,1054,WR,HST,12,17.2,1,46.4,,0,0,0,7.1,1,11,13,0,63.2,72.3,69.4,,65.8,0.6,1,1,49,0.0,0,155,1,13,96.8,150,23.2,36,57.6,28,0,76.1,118,213,70,5.4,16.4,1.42
Keenan Burton,4442,WR,SL,13,12.8,0,46.4,,0,0,0,7.1,1,5,26,0,63.5,73.8,52.2,,50.6,0.0,0,1,30,0.0,0,199,0,13,95.5,190,51.8,103,63.4,28,1,48.2,96,172,64,4.9,13.2,0.91
David Anderson,3196,WR,HST,16,6.9,0,70.4,,0,0,1,9.5,2,13,13,0,57.1,74.1,63.6,61.4,62.6,0.0,0,1,65,0.5,1,199,3,19,96.0,191,80.9,161,107.2,27,2,19.1,38,241,120,6.3,12.7,1.26
Michael Bush,3716,HB,OAK,14,1.0,3,70.4,,0,0,0,13.6,3,7,23,0,45.1,73.2,57.3,86.7,47.1,0.6,1,1,25,22.8,41,180,0,19,71.1,128,2.8,5,70.3,27,0,3.9,7,162,171,9.0,8.5,1.27
Jerry Porter,617,WR,JAX,10,12.3,1,40.7,,0,0,0,26.7,4,8,15,0,28.9,72.3,57.3,,54.4,0.0,0,2,33,0.0,0,227,0,11,94.7,215,32.6,74,45.4,27,1,67.4,153,181,43,3.9,16.5,0.84
Matt Spaeth,3693,TE,PIT,19,3.5,0,66.7,,0,0,0,10.0,2,7,25,0,55.9,73.9,65.6,62.9,45.6,84.9,202,0,13,20.6,49,238,0,18,78.2,186,12.6,30,79.6,27,0,0.4,1,142,87,4.8,7.9,0.76
Martellus Bennett,4375,TE,DAL,16,8.4,1,76.9,,0,0,0,4.8,1,12,9,0,71.1,74.6,69.3,80.3,66.1,82.2,157,0,37,15.7,30,191,3,20,82.7,158,11.5,22,151.1,26,4,2.6,5,283,132,6.6,14.2,1.79
D.J. Hackett,1876,WR,CAR,8,10.5,1,50.0,,0,0,0,0.0,0,7,5,1,81.1,25.9,63.9,,63.7,0.0,0,0,37,0.0,0,120,1,13,93.3,112,25.0,30,72.8,26,0,75.0,90,181,72,5.5,13.9,1.62
Antonio Pittman,3723,HB,SL,10,-1.8,3,69.2,,0,0,0,21.7,5,5,26,0,29.0,86.7,49.0,57.9,31.1,0.0,0,0,27,18.5,27,146,0,18,77.4,113,0.7,1,80.4,26,0,1.4,2,129,171,9.5,7.2,1.14
Gijon Robinson,4056,TE,IND,16,4.3,1,80.0,,0,0,0,9.1,2,5,14,0,58.1,74.4,70.6,35.0,58.8,92.3,215,0,23,34.8,81,233,2,20,64.4,150,4.3,10,94.8,25,0,0.4,1,169,100,5.0,8.5,1.13
Edgerrin James,439,HB,ARZ,17,0.3,2,76.0,,0,0,0,17.4,4,8,1,1,37.6,67.1,50.8,58.2,40.5,0.0,0,0,16,28.9,70,242,1,19,67.4,163,5.0,12,89.9,25,0,0.8,2,147,135,7.1,7.7,0.9
Keary Colbert,1783,WR,DET,13,11.0,2,48.0,,0,0,0,20.0,3,8,11,0,45.7,71.9,51.6,,48.0,0.0,0,0,28,0.0,0,242,0,12,93.8,227,26.9,65,74.8,25,1,72.7,176,116,44,3.7,9.7,0.51
Joey Galloway,117,WR,TB,9,14.0,1,52.0,,0,0,0,7.1,1,6,30,0,63.5,72.3,58.0,,56.1,0.0,0,0,22,0.0,0,148,0,13,94.6,140,44.6,66,68.4,25,0,55.4,82,138,45,3.5,10.6,0.99
Ben Utecht,2199,TE,CIN,10,9.0,2,64.0,,0,0,0,11.1,2,8,7,1,52.8,23.0,44.1,53.0,43.7,36.7,79,0,14,10.2,22,215,1,16,86.0,185,39.1,84,75.9,25,0,5.1,11,123,55,3.4,7.7,0.66
Maurice Morris,1061,HB,SEA,13,1.4,5,76.0,,0,0,0,5.0,1,5,29,0,70.5,73.4,59.3,47.0,61.3,0.0,0,0,13,27.3,59,216,0,19,70.4,152,0.5,1,114.8,25,2,5.1,11,136,125,6.6,7.2,0.89
Ruvell Martin,2111,WR,GB,13,8.1,3,60.0,,0,0,0,11.8,2,9,12,0,52.8,73.3,67.2,,63.8,0.0,0,1,17,0.0,0,149,0,15,97.3,145,20.8,31,73.6,25,1,79.2,118,149,50,3.3,9.9,1.03
Courtney Taylor,3813,WR,SEA,10,12.3,0,37.5,,0,0,0,25.0,3,4,29,0,29.1,70.6,51.3,,50.3,0.0,0,1,26,0.0,0,148,0,9,97.3,144,11.5,17,33.0,24,0,88.5,131,98,36,4.0,10.9,0.68
Justin Peelle,1104,TE,ATL,17,4.0,2,75.0,,0,0,0,14.3,3,10,2,0,43.8,73.9,77.2,54.8,52.1,66.4,184,0,18,16.6,46,277,4,18,79.4,220,21.7,60,133.7,24,3,1.4,4,170,112,6.2,9.4,0.77
Devin Thomas,4348,WR,WAS,16,7.0,2,62.5,,0,0,1,11.8,2,7,32,0,43.8,75.1,54.0,,53.0,0.0,0,0,18,0.0,0,202,4,15,93.1,188,8.4,17,75.0,24,0,91.6,185,120,40,2.7,8.0,0.64
Cedric Benson,2221,HB,CIN,11,-1.3,2,87.0,,0,0,0,0.0,0,6,7,0,83.6,85.3,53.9,63.8,69.0,0.0,0,0,79,22.0,48,218,0,20,75.2,164,0.0,0,100.2,23,0,0.0,0,185,217,10.9,9.3,1.13
Sammy Morris,678,HB,NE,13,0.7,4,73.9,,0,0,0,5.6,1,5,19,0,82.2,75.9,67.1,50.7,74.7,0.0,0,0,42,22.6,36,159,0,17,74.8,119,3.8,6,92.8,23,0,14.5,23,161,160,9.4,9.5,1.35
James Hardy,4355,WR,BUF,13,13.4,0,39.1,,0,0,0,18.2,2,5,4,0,38.7,70.6,51.5,,50.9,0.0,0,2,17,0.0,0,194,1,9,95.9,186,14.4,28,43.2,23,2,85.6,166,87,22,2.4,9.7,0.47
Demetrius Williams,3056,WR,BLT,7,12.5,2,56.5,,0,0,0,7.1,1,7,3,0,63.2,72.3,58.2,,58.0,0.0,0,2,70,0.0,0,119,2,13,95.8,114,5.0,6,60.1,23,1,95.0,113,180,54,4.2,13.8,1.58
Ryan Grant,2609,HB,GB,16,-2.0,1,81.8,,0,0,0,14.3,3,3,12,0,44.9,62.7,50.5,53.8,44.4,0.0,0,0,17,24.6,61,248,0,18,70.6,175,0.4,1,103.8,22,1,1.2,3,116,149,8.3,6.4,0.66
Casey Fitzsimmons,1607,TE,DET,13,8.1,2,54.5,,0,0,0,7.7,1,4,11,0,64.4,72.7,61.3,39.7,54.2,68.5,111,0,16,10.5,17,162,0,12,83.3,135,9.3,15,78.8,22,1,1.2,2,85,18,1.5,7.1,0.63
Julius Jones,1764,HB,SEA,15,-0.4,1,63.6,,0,0,0,12.5,2,4,29,0,51.5,49.4,52.3,34.8,44.4,0.0,0,0,17,23.2,52,224,0,14,74.1,166,0.9,2,67.6,22,0,7.6,17,66,95,6.8,4.7,0.4
Miles Austin,3211,WR,DAL,11,17.0,0,59.1,,0,0,0,7.1,1,11,9,0,64.4,72.7,73.0,,71.4,0.0,0,2,63,0.0,0,145,0,13,95.2,138,15.2,22,105.1,22,3,84.8,123,278,108,8.3,21.4,2.01
Kenneth Darby,3862,HB,SL,9,-0.5,1,90.5,,0,0,0,0.0,0,8,26,0,83.6,44.3,58.9,85.8,59.8,0.0,0,0,30,26.9,32,119,1,19,70.6,84,2.5,3,103.0,21,0,1.7,2,183,199,10.5,9.6,2.18
Fred Taylor,333,HB,JAX,13,-0.1,2,80.0,,0,0,0,11.1,2,3,15,1,52.8,75.0,61.2,64.3,37.3,0.0,0,0,17,25.3,42,166,0,16,71.1,118,1.8,3,87.1,20,0,1.2,2,98,95,5.9,6.1,0.83
Naufahu Tahi,3526,FB,MIN,17,0.4,1,80.0,,0,0,0,15.8,3,2,18,1,40.1,23.0,64.9,57.4,31.7,1.7,2,0,7,13.2,16,121,0,16,83.5,101,2.5,3,79.2,20,0,1.7,2,37,38,2.4,2.3,0.37
Michael Robinson,3045,FB,SF,12,4.0,4,85.0,,0,0,0,0.0,0,9,28,0,82.2,29.5,55.0,76.5,83.5,0.0,0,0,36,18.4,19,103,1,17,77.7,80,1.9,2,108.8,20,0,4.9,5,202,143,8.4,11.9,2.53
Robert Meachem,3643,WR,NO,14,22.1,2,60.0,,0,0,0,14.3,2,8,20,0,45.7,72.5,63.4,,61.8,0.0,0,0,74,0.0,0,179,1,12,92.7,166,23.5,42,143.8,20,3,76.5,137,289,73,6.1,24.1,1.74
John Gilmore,1176,TE,TB,16,5.2,2,75.0,,0,0,0,6.3,1,8,30,0,65.6,73.0,85.0,77.2,59.2,88.1,156,0,36,19.8,35,177,2,15,77.4,137,8.5,15,111.9,20,1,2.3,4,147,94,6.3,9.8,1.07
Aundrae Allison,3762,WR,MIN,16,10.3,1,50.0,,0,0,1,0.0,0,8,18,0,80.0,72.9,58.3,,59.5,0.0,0,2,21,0.0,0,177,3,10,93.2,165,31.1,55,26.9,20,0,68.9,122,109,51,5.1,10.9,0.66
Darrell Jackson,639,WR,DEN,11,11.5,0,60.0,,0,0,0,20.0,3,8,10,0,29.0,72.3,58.6,67.0,58.5,0.0,0,1,48,1.4,2,144,3,12,94.4,136,37.5,54,87.5,20,1,62.5,90,190,55,4.6,15.8,1.4
James Thrash,323,WR,WAS,16,11.6,1,45.0,,0,0,0,18.2,2,3,32,0,38.4,70.6,50.6,,47.9,0.0,0,1,29,0.0,0,234,1,9,95.7,224,13.2,31,52.3,20,1,86.8,203,81,21,2.3,9.0,0.36
David Patten,221,WR,NO,5,13.6,0,55.0,,0,0,0,0.0,0,7,20,0,78.7,71.5,67.5,,65.3,0.0,0,1,39,0.0,0,94,0,11,96.8,91,36.2,34,77.5,20,1,63.8,60,162,39,3.5,14.7,1.78
Deuce McAllister,793,HB,NO,12,-1.8,1,90.0,,0,0,0,5.3,1,5,20,0,68.7,88.7,58.9,80.8,61.8,0.0,0,0,20,30.3,43,142,0,18,67.6,96,1.4,2,110.0,20,1,1.4,2,128,164,9.1,7.1,1.33
Brandon Manumaleuna,876,TE,SD,18,4.3,4,80.0,,0,0,0,5.9,1,7,27,0,68.7,73.9,81.2,29.3,54.0,64.6,197,0,17,32.5,99,305,1,16,64.3,196,10.8,33,129.4,20,2,1.6,5,141,82,5.1,8.8,0.72
Randy McMichael,1114,TE,SL,4,9.3,1,57.9,,0,0,0,15.4,2,5,26,0,46.0,71.9,58.4,79.0,57.3,48.0,59,1,31,16.3,20,123,2,11,80.5,99,39.8,49,58.9,19,0,3.3,4,139,71,6.5,12.6,1.4
DeShaun Foster,1041,HB,SF,14,1.7,4,84.2,,0,0,0,5.9,1,6,28,0,67.0,36.7,47.4,50.6,70.1,0.0,0,0,31,17.2,20,116,0,16,81.0,94,3.4,4,113.4,19,1,3.4,4,133,102,6.4,8.3,1.41
Brad Smith,3048,WR,NYJ,15,3.7,3,63.2,,0,0,1,0.0,0,2,22,0,79.4,77.2,58.9,,52.8,0.0,0,0,18,0.0,0,138,1,12,92.0,127,37.7,52,70.3,19,0,60.9,84,71,61,5.1,5.9,0.56
Ahmard Hall,3336,FB,TEN,17,0.2,5,73.7,,0,0,0,12.5,2,6,31,1,51.5,26.0,57.3,66.2,59.1,0.0,0,0,54,19.0,23,121,1,14,76.0,92,0.0,0,131.3,19,2,0.0,0,149,150,10.7,10.6,1.62
Dwayne Jarrett,3661,WR,CAR,10,9.1,0,63.2,,0,0,0,14.3,2,10,5,0,46.0,71.9,58.2,,56.6,0.0,0,0,25,0.0,0,169,0,12,97.0,164,39.1,66,86.7,19,0,60.9,103,146,39,3.3,12.2,0.89
Derek Schouman,3838,TE,BUF,16,4.1,1,78.9,,0,0,0,6.3,1,8,4,1,66.4,22.5,65.3,57.5,56.7,67.7,126,0,21,13.4,25,186,1,15,84.4,157,15.1,28,117.8,19,1,2.7,5,153,94,6.3,10.2,0.97
Dante' Hall,677,WR,SL,8,6.4,0,66.7,,0,0,0,7.7,1,7,26,0,61.8,74.3,62.2,,60.2,0.0,0,1,20,0.0,0,102,0,12,95.1,97,83.3,85,58.8,18,0,15.7,16,105,18,1.5,8.8,1.08
Peyton Hillis,4541,FB,DEN,10,2.3,0,77.8,,0,0,0,12.5,2,9,10,0,51.8,85.6,70.5,66.8,61.2,0.0,0,0,47,17.5,34,194,1,14,76.3,148,1.0,2,126.6,18,1,1.5,3,179,144,10.3,12.8,1.21
Jerome Harrison,3090,HB,CLV,14,1.1,3,66.7,,0,0,0,7.7,1,4,8,0,61.8,81.9,70.4,63.5,74.8,0.0,0,1,23,9.2,6,65,0,12,84.6,55,9.2,6,79.9,18,1,10.8,7,116,111,9.3,9.7,2.11
Joe Klopfenstein,2991,TE,SL,15,7.2,1,61.1,,0,0,0,21.4,3,4,26,1,29.9,20.6,54.4,75.2,40.7,69.0,191,1,29,24.5,68,277,2,11,71.5,198,27.1,75,58.3,18,0,1.8,5,123,44,4.0,11.2,0.62
Early Doucet,4395,WR,ARZ,7,3.6,1,83.3,,0,0,0,6.3,1,6,1,0,65.6,73.0,67.8,,65.3,0.0,0,0,12,0.0,0,72,0,15,97.2,70,87.5,63,86.6,18,0,11.1,8,86,55,3.7,5.7,1.23
Will Franklin,4419,WR,KC,13,11.1,3,41.2,,0,0,0,12.5,1,3,16,0,52.1,69.5,46.6,,46.5,0.0,0,1,42,0.0,0,221,0,7,96.8,214,92.3,204,32.2,17,0,7.7,17,83,33,4.7,11.9,0.39
Dave Thomas,3031,TE,NE,14,8.4,0,52.9,,0,0,0,0.0,0,5,19,0,77.3,70.6,61.2,39.7,50.3,66.2,143,0,18,13.0,28,216,2,9,84.7,183,29.2,63,69.0,17,0,3.2,7,93,44,4.9,10.3,0.51
Billy McMullen,1409,WR,SEA,4,12.8,0,41.2,,0,0,0,12.5,1,5,29,1,52.1,21.4,53.2,,51.8,0.0,0,1,34,0.0,0,91,0,7,95.6,87,12.1,11,42.3,17,0,87.9,80,124,21,3.0,17.7,1.43
Nate Jackson,1259,TE,DEN,9,7.8,0,64.7,,0,0,0,21.4,3,4,10,0,29.9,71.5,60.4,72.5,53.3,48.9,43,1,19,4.5,4,88,1,11,90.9,80,37.5,33,71.4,17,1,10.2,9,83,40,3.6,7.5,1.04
B.J. Askew,1400,FB,TB,10,0.1,1,76.5,,0,0,0,13.3,2,3,30,0,49.6,75.6,63.8,64.2,47.5,3.3,4,1,18,17.2,21,122,1,13,80.3,98,5.7,7,57.5,17,0,4.1,5,66,69,5.3,5.1,0.67
Vonta Leach,2100,FB,HST,16,3.2,0,70.6,,0,0,0,14.3,2,2,13,0,45.7,72.5,78.4,55.7,41.3,0.0,0,1,22,19.8,44,222,1,12,77.5,172,0.0,0,61.6,17,0,0.9,2,103,70,5.8,8.6,0.6
Delanie Walker,3120,TE,SF,15,10.4,2,62.5,,0,0,0,9.1,1,7,28,1,60.6,21.8,72.5,73.8,76.7,73.5,61,1,53,4.8,4,83,2,10,90.4,75,12.0,10,89.3,16,1,6.0,5,155,112,11.2,15.5,2.07
Jonathan Stewart,4327,HB,CAR,17,-1.0,4,68.8,,0,0,0,0.0,0,4,5,0,60.2,64.5,69.3,72.0,52.9,0.0,0,1,18,30.1,52,173,0,11,64.7,112,0.0,0,55.7,16,0,0.0,0,86,105,9.5,7.8,0.77
Ben Patrick,3831,TE,ARZ,13,4.6,2,81.3,,0,0,0,0.0,0,7,1,0,80.0,72.3,78.7,58.4,65.6,63.4,83,1,19,17.6,23,131,1,13,78.6,103,29.8,39,90.9,16,1,3.1,4,113,55,4.2,8.7,1.1
Jacob Hester,4383,FB,SD,11,0.6,2,93.8,,0,0,0,6.3,1,5,27,0,66.7,29.0,68.6,65.9,72.2,0.0,0,0,16,21.0,17,81,2,15,75.3,61,1.2,1,116.1,16,1,0.0,0,110,103,6.9,7.3,1.8
Mark Campbell,545,TE,NO,9,4.8,0,75.0,,0,0,0,7.7,1,8,20,0,61.8,71.9,60.6,37.4,64.0,88.8,95,0,29,13.1,14,107,2,12,84.1,90,7.5,8,135.7,16,2,0.9,1,121,75,6.3,10.1,1.34
Leonard Pope,3017,TE,ARZ,16,7.8,0,68.8,,0,0,0,0.0,0,3,1,0,80.3,72.2,59.5,52.7,50.0,76.5,156,0,25,26.5,54,204,3,11,71.1,145,23.0,47,84.9,16,0,0.0,0,98,43,3.9,8.9,0.68
Limas Sweed,4367,WR,PIT,13,16.3,0,53.3,,0,0,0,20.0,2,5,25,0,28.8,70.1,53.5,,56.6,0.0,0,1,17,0.0,0,95,3,8,94.7,90,22.1,21,42.1,15,0,77.9,74,84,23,2.9,10.5,0.93
Andre Caldwell,4411,WR,CIN,6,5.5,1,73.3,,0,0,0,0.0,0,4,7,0,78.7,74.1,67.2,,59.3,0.0,0,1,15,0.0,0,87,0,11,98.9,86,55.2,48,57.1,15,0,43.7,38,78,48,4.4,7.1,0.91
Madison Hedgecock,2468,FB,NYG,17,1.2,1,53.3,,0,0,0,38.5,5,4,21,0,26.8,71.3,60.9,51.4,28.5,0.7,1,0,13,19.7,29,147,1,8,76.2,112,3.4,5,83.2,15,1,2.7,4,52,50,6.3,6.5,0.46
Sinorice Moss,2989,WR,NYG,10,13.8,0,80.0,,0,0,0,0.0,0,8,21,0,79.4,71.9,79.9,,78.2,0.0,0,0,27,0.0,0,54,0,12,96.3,52,25.9,14,148.8,15,2,74.1,40,153,31,2.6,12.8,2.94
Legedu Naanee,3788,WR,SD,13,7.9,2,66.7,,0,0,0,16.7,2,6,27,0,41.1,71.1,62.0,,61.1,2.9,3,0,18,0.0,0,105,0,10,98.1,103,72.4,76,102.9,15,1,21.9,23,83,40,4.0,8.3,0.81
Mike Tolbert,4740,FB,SD,11,1.3,2,86.7,,0,0,0,7.1,1,8,27,0,64.3,77.4,54.8,62.6,66.0,0.0,0,0,67,15.7,14,89,0,13,78.7,70,3.4,3,139.4,15,1,0.0,0,182,172,13.2,14.0,2.6
Larry Johnson,1343,HB,KC,12,-3.2,0,85.7,,0,0,0,0.0,0,3,16,0,79.4,52.2,58.7,77.0,54.6,0.0,0,0,20,36.2,81,224,0,12,62.5,140,0.9,2,86.3,14,0,0.9,2,66,113,9.4,5.5,0.47
Jim Kleinsasser,469,TE,MIN,17,8.5,1,57.1,,0,0,0,20.0,2,7,18,0,35.3,70.1,90.4,74.8,48.1,90.6,231,1,34,40.8,104,255,2,8,56.5,144,5.1,13,57.4,14,0,3.1,8,126,84,10.5,15.8,0.88
Michael Sellers,432,FB,WAS,16,1.4,4,85.7,,0,0,0,14.3,2,5,32,0,45.7,24.6,76.9,70.9,55.9,2.2,4,0,20,32.4,58,179,2,12,62.6,112,2.8,5,119.6,14,1,0.6,1,98,86,7.2,8.2,0.88
Tony Stewart,887,TE,OAK,16,5.1,0,78.6,,0,0,1,8.3,1,5,23,0,60.6,71.5,55.4,45.9,54.0,70.3,90,0,17,24.2,31,128,2,11,70.3,90,9.4,12,90.8,14,0,8.6,11,81,34,3.1,7.4,0.9
Justin Fargas,1410,HB,OAK,14,0.6,1,71.4,,0,0,0,16.7,2,2,23,0,41.4,68.7,53.7,67.3,41.7,0.0,0,0,12,41.1,88,214,0,10,57.5,123,0.0,0,77.1,14,0,0.9,2,52,62,6.2,5.2,0.42
LenDale White,2990,HB,TEN,17,-0.2,3,64.3,,0,0,0,30.8,4,3,31,1,27.8,68.1,41.2,78.3,27.2,0.0,0,0,19,27.2,40,147,0,9,69.4,102,0.0,0,70.8,14,0,0.0,0,51,50,5.6,5.7,0.5
Ahman Green,374,HB,HST,8,-2.6,1,78.6,,0,0,0,21.4,3,0,13,0,29.9,86.0,63.8,70.5,32.1,0.0,0,0,8,20.0,23,115,0,11,78.3,90,0.0,0,79.2,14,0,2.6,3,32,73,6.6,2.9,0.36
Tory Humphrey,2644,TE,GB,16,7.5,2,78.6,,0,0,0,0.0,0,8,12,0,78.7,71.5,70.0,80.1,69.0,52.3,78,0,37,11.4,17,149,1,11,85.9,128,26.2,39,114.9,14,0,2.0,3,162,88,8.0,14.7,1.27
Greg Jones II,1776,FB,JAX,12,1.5,4,92.9,,0,0,0,7.1,1,6,15,0,63.2,73.3,88.1,71.1,65.6,0.7,1,0,22,29.4,42,143,1,13,67.1,96,0.0,0,125.0,14,1,0.0,0,116,96,7.4,8.9,1.21
Tom Santi,4510,TE,IND,5,5.2,0,76.9,,0,0,0,0.0,0,3,14,0,78.0,71.1,60.0,13.5,70.1,89.5,34,0,13,15.8,6,38,0,10,84.2,32,7.9,3,112.3,13,1,0.0,0,64,39,3.9,6.4,2.0
John Owens,1133,TE,DET,15,6.6,0,61.5,,0,0,0,11.1,1,3,11,0,76.5,70.1,73.4,64.5,49.6,99.2,121,2,19,25.4,31,122,0,8,71.3,87,0.8,1,57.4,13,1,0.0,0,56,29,3.6,7.0,0.64
Rudi Johnson,857,HB,DET,14,0.2,1,92.3,,0,0,0,0.0,0,4,11,0,79.4,68.3,59.2,37.1,64.3,0.0,0,1,34,18.6,30,161,1,12,76.4,123,0.0,0,88.5,13,1,3.1,5,88,86,7.2,7.3,0.72
Lawrence Vickers,3125,FB,CLV,12,2.2,2,76.9,,0,0,0,0.0,0,4,8,0,78.7,76.0,73.4,61.8,57.9,1.6,2,0,21,15.7,20,127,1,10,79.5,101,7.1,9,91.2,13,0,7.9,10,78,54,5.4,7.8,0.77
Jeff Webb,3135,WR,KC,5,10.8,0,38.5,,0,0,0,0.0,0,3,16,0,73.4,68.0,55.3,,55.1,0.0,0,0,15,0.0,0,92,0,5,95.7,88,12.0,11,48.9,13,0,88.0,81,46,5,1.0,9.2,0.52
Tatum Bell,1762,HB,DEN,7,-1.5,0,76.9,,0,0,0,0.0,0,3,10,0,78.0,83.0,56.5,74.4,52.0,0.7,1,0,12,20.4,30,147,1,10,77.6,114,4.8,7,84.5,13,0,13.6,20,57,76,7.6,5.7,0.5
Troy Williamson,2224,WR,JAX,8,21.7,1,38.5,,0,0,0,16.7,1,2,15,0,49.2,69.8,57.6,,57.0,0.0,0,1,10,0.0,0,82,0,5,93.9,77,24.4,20,40.2,13,1,75.6,62,30,4,0.8,6.0,0.39
Greg Estandia,3597,TE,JAX,16,10.4,0,76.9,,0,0,0,9.1,1,6,15,1,58.9,23.4,58.8,74.7,54.1,45.2,52,0,23,6.1,7,115,1,10,87.8,101,35.7,41,102.4,13,0,14.8,17,113,36,3.6,11.3,1.12
Steve Johnson,4538,WR,BUF,10,6.5,1,76.9,,0,0,0,9.1,1,9,4,0,58.5,71.7,67.4,,65.6,0.0,0,0,21,0.0,0,95,0,10,95.8,91,38.9,37,138.5,13,2,61.1,58,102,33,3.3,10.2,1.12
Jermichael Finley,4405,TE,GB,13,11.1,0,50.0,,0,0,0,25.0,2,3,12,0,32.2,69.5,62.5,74.0,59.2,51.9,27,0,35,5.8,3,52,0,6,88.5,46,17.3,9,97.2,12,1,25.0,13,74,20,3.3,12.3,1.61
Willie Parker,2142,HB,PIT,14,2.7,1,41.7,,0,0,0,37.5,3,0,25,0,27.5,86.0,46.3,72.2,34.0,0.0,0,0,5,33.7,64,190,0,5,64.2,122,9.5,18,49.3,12,0,4.2,8,9,22,4.4,1.8,0.07
Lorenzo Neal,47,FB,BLT,18,-1.9,0,75.0,,0,0,0,10.0,1,3,3,0,57.0,76.9,71.5,36.0,55.0,9.4,11,0,13,47.9,56,117,3,9,49.6,58,0.9,1,81.9,12,0,2.6,3,50,80,8.9,5.6,0.86
Brad Hoover,740,FB,CAR,17,1.6,1,58.3,,0,0,0,22.2,2,2,5,0,31.8,74.8,80.5,86.5,39.2,0.7,1,1,12,25.3,38,150,1,7,70.0,105,0.0,0,31.9,12,0,1.3,2,46,32,4.6,6.6,0.44
Michael Pittman,382,HB,DEN,8,0.8,0,83.3,,0,0,0,9.1,1,1,10,0,60.6,86.1,57.6,74.4,51.4,0.0,0,0,40,26.8,51,190,1,10,67.9,129,1.1,2,105.6,12,0,1.1,2,112,104,10.4,11.2,0.87
Joel Dreessen,2415,TE,HST,16,3.8,1,91.7,,0,0,1,0.0,0,4,13,1,78.7,24.0,58.4,46.4,45.0,94.9,168,1,13,23.2,41,177,2,11,74.0,131,2.8,5,58.7,12,0,1.7,3,77,45,4.1,7.0,0.59
Carey Davis,2029,FB,PIT,15,0.5,1,90.9,,0,0,0,9.1,1,2,25,1,58.9,26.0,60.7,49.3,38.5,2.8,2,0,20,29.2,21,72,0,10,66.7,48,11.1,8,89.4,11,0,4.2,3,60,57,5.7,6.0,1.25
Derek Fine,4446,TE,BUF,9,5.5,1,90.9,,0,0,0,0.0,0,6,4,0,78.0,71.1,69.2,34.8,70.5,92.3,84,0,20,9.9,9,91,1,10,89.0,81,6.6,6,132.6,11,1,1.1,1,94,38,3.8,9.4,1.16
Mike Cox,4716,FB,KC,16,0.3,0,72.7,,0,0,0,0.0,0,0,16,0,77.3,71.3,69.7,56.4,48.1,3.6,6,0,5,13.3,22,165,3,8,83.0,137,10.3,17,75.2,11,0,5.5,9,19,23,2.9,2.4,0.14
Brandon London,3997,WR,MIA,12,9.5,0,63.6,,0,0,0,0.0,0,4,17,0,75.6,69.5,64.9,,65.2,0.0,0,0,14,0.0,0,52,1,7,96.2,50,23.1,12,80.9,11,0,76.9,40,68,13,1.9,9.7,1.36
Derek Stanley,3865,WR,SL,8,14.5,0,54.5,,0,0,0,14.3,1,2,26,0,74.6,18.1,56.6,,64.4,0.0,0,1,80,0.0,0,45,0,6,95.6,43,6.7,3,85.0,11,1,91.1,41,119,70,11.7,19.8,2.77
Garrett Mills,3051,TE,MIN,8,11.0,0,45.5,,0,0,0,16.7,1,3,18,0,45.8,68.0,63.5,31.9,63.8,61.1,33,0,23,11.1,6,54,1,5,87.0,47,14.8,8,64.6,11,0,22.2,12,65,38,7.6,13.0,1.38
Brandon Jacobs,2327,HB,NYG,14,0.9,0,54.5,,0,0,0,40.0,4,0,21,0,27.1,62.3,63.2,82.7,29.3,0.0,0,0,9,34.7,61,176,1,6,60.8,107,1.7,3,61.2,11,0,0.6,1,36,28,4.7,6.0,0.34
Bubba Franks,592,TE,NYJ,8,6.7,0,54.5,,0,0,0,14.3,1,2,22,0,53.3,69.5,63.6,56.6,53.0,92.4,61,2,25,16.7,11,66,1,6,77.3,51,6.1,4,25.8,11,0,0.0,0,47,23,3.8,7.8,0.92
Sam Aiken,1439,WR,NE,12,5.1,0,72.7,,0,0,0,11.1,1,5,19,0,54.5,70.1,63.8,,62.3,0.0,0,0,43,0.0,0,87,0,8,97.7,85,17.2,15,100.9,11,0,82.8,72,101,82,10.3,12.6,1.19
Daniel Fells,3309,TE,SL,10,9.1,1,63.6,,0,0,0,12.5,1,4,26,0,52.5,69.5,55.0,72.7,60.2,48.0,24,0,26,6.0,3,50,1,7,86.0,43,30.0,15,85.8,11,0,2.0,1,81,54,7.7,11.6,1.88
Glenn Holt,3355,WR,CIN,8,14.7,0,27.3,,0,0,0,57.1,4,2,7,0,25.5,65.8,48.0,,42.6,0.0,0,0,10,0.0,0,67,0,3,98.5,66,13.4,9,69.9,11,1,86.6,58,26,0,0.0,8.7,0.39
Jason McKie,1279,FB,CHI,10,0.7,1,100.0,,0,0,0,0.0,0,4,6,1,78.7,29.3,71.2,85.8,57.8,0.0,0,0,12,37.4,34,91,3,11,61.5,56,0.0,0,121.2,11,1,0.0,0,64,56,5.1,5.8,1.14
Kolby Smith,3764,HB,KC,6,-0.7,0,90.9,,0,0,0,9.1,1,0,16,0,59.9,81.5,56.8,75.6,51.9,0.0,0,0,8,36.5,31,85,0,10,62.4,53,0.0,0,86.4,11,0,0.0,0,52,58,5.8,5.2,0.98
Jason Snelling,3860,FB,ATL,16,0.5,3,80.0,,0,0,0,11.1,1,3,2,0,54.5,77.3,50.4,67.1,59.9,0.0,0,0,27,25.0,24,96,0,8,69.8,67,3.1,3,103.7,10,0,0.0,0,89,88,11.0,11.1,1.33
Darnell Dinkins,1236,TE,CLV,10,6.2,0,50.0,,0,0,0,28.6,2,1,8,0,29.4,68.4,66.0,53.1,38.0,64.0,48,1,22,10.7,8,75,3,5,85.3,64,14.7,11,54.6,10,1,8.0,6,41,19,3.8,8.2,0.64
Justin Griffith,1433,FB,OAK,7,3.1,3,90.0,,0,0,0,10.0,1,4,23,0,56.7,72.0,60.9,64.0,56.0,2.1,2,0,24,21.6,21,97,0,9,76.3,74,2.1,2,135.4,10,1,10.3,10,85,55,6.1,9.4,1.15
Michael Turner,1873,HB,ATL,17,-0.8,1,70.0,,0,0,0,22.2,2,2,2,0,31.8,85.6,71.1,72.1,42.1,0.0,0,0,18,25.2,53,210,0,7,70.5,148,3.3,7,80.4,10,0,0.0,0,48,45,6.4,6.9,0.32
Mike Karney,1875,FB,NO,12,-0.6,2,90.0,,0,0,0,0.0,0,1,20,0,77.3,74.9,64.1,32.5,57.1,1.6,2,0,7,19.7,24,122,1,9,76.2,93,2.5,3,79.2,10,0,1.6,2,18,24,2.7,2.0,0.19
Daniel Coats,3908,FB,CIN,15,4.5,0,20.0,,0,0,0,60.0,3,1,7,0,26.5,65.8,54.4,54.7,29.1,26.4,29,0,11,14.5,16,110,1,2,80.9,89,2.7,3,39.6,10,0,6.4,7,19,10,5.0,9.5,0.21
Tony Curtis,2552,TE,DAL,15,3.5,0,80.0,,0,0,0,0.0,0,0,9,1,76.5,18.7,52.6,43.0,39.5,55.4,56,0,8,9.9,10,101,2,8,86.1,87,9.9,10,80.0,10,0,6.9,7,32,17,2.1,4.0,0.37
Luke Lawton,2099,FB,OAK,12,0.0,1,60.0,,0,0,1,0.0,0,3,23,0,75.9,69.1,75.3,73.0,62.1,1.1,1,0,12,36.8,35,95,2,6,62.1,59,2.1,2,64.6,10,0,5.3,5,30,31,5.2,5.0,0.51
Aaron Stecker,572,HB,NO,6,-0.1,0,90.0,,0,0,0,10.0,1,2,20,0,56.7,74.9,59.8,79.2,52.5,0.0,0,0,12,14.3,8,56,0,9,82.1,46,3.6,2,121.7,10,1,3.6,2,52,49,5.4,5.8,1.13
Lorenzo Booker,3687,HB,PHI,9,3.2,0,60.0,,0,0,0,25.0,2,1,24,0,29.7,78.0,43.8,60.2,40.6,0.0,0,0,8,20.3,12,59,0,6,79.7,47,6.8,4,64.6,10,0,20.3,12,11,17,2.8,1.8,0.23
Richard Angulo,1548,TE,JAX,15,5.4,2,80.0,,0,0,0,11.1,1,1,15,0,54.5,70.1,59.2,30.5,43.9,86.4,133,0,17,22.7,35,154,0,8,72.7,112,5.2,8,92.9,10,0,3.9,6,63,25,3.1,7.9,0.56
Anthony Becht,602,TE,SL,16,4.9,0,60.0,,0,0,0,14.3,1,1,26,0,49.7,68.8,62.7,53.2,33.5,63.8,143,1,11,39.3,88,224,1,6,55.8,125,6.3,14,28.8,10,0,0.9,2,39,27,4.5,6.5,0.31
Brad Cottam,4390,TE,KC,16,6.8,0,77.8,,0,0,0,0.0,0,3,16,0,75.6,69.5,68.0,48.9,49.7,66.2,98,0,19,17.6,26,148,1,7,78.4,116,30.4,45,95.8,9,0,2.0,3,63,19,2.7,9.0,0.54
Adrian Peterson,1177,HB,CHI,8,2.1,2,66.7,,0,0,0,14.3,1,1,6,0,49.2,78.0,61.0,80.8,50.3,0.0,0,1,19,26.7,12,45,0,6,73.3,33,0.0,0,38.9,9,0,0.0,0,45,52,8.7,7.5,1.36
Malcolm Kelly,4365,WR,WAS,5,15.1,0,33.3,,0,0,0,40.0,2,1,32,0,28.0,65.8,48.1,,46.7,0.0,0,0,7,0.0,0,63,0,3,95.2,60,7.9,5,42.4,9,0,92.1,58,18,7,2.3,6.0,0.3
Kenny Watson,1001,HB,CIN,9,3.2,0,33.3,,0,0,0,25.0,1,0,7,0,36.2,75.4,40.7,29.0,39.0,0.0,0,0,3,32.4,35,108,0,3,64.8,70,0.0,0,42.4,9,0,0.9,1,4,3,1.0,1.3,0.06
Lavelle Hawkins,4440,WR,TEN,8,6.0,1,77.8,,0,0,0,12.5,1,5,31,0,54.5,70.1,64.8,,63.7,0.0,0,0,19,0.0,0,88,0,7,95.5,84,21.6,19,98.1,9,0,78.4,69,68,20,2.9,9.7,0.81
Jerome Felton,4460,FB,DET,11,1.7,0,100.0,,0,0,0,0.0,0,4,11,0,77.3,72.0,64.6,81.9,67.6,0.0,0,0,12,21.4,15,70,0,9,72.9,51,0.0,0,91.2,9,0,1.4,1,53,38,4.2,5.9,1.04
Todd Yoder,772,TE,WAS,12,5.4,0,88.9,,0,0,0,0.0,0,4,32,0,76.5,70.1,54.7,23.8,59.3,81.0,47,0,14,20.7,12,58,1,8,75.9,44,15.5,9,126.9,9,1,3.4,2,50,17,2.1,6.3,1.14
Owen Schmitt,4477,FB,SEA,8,1.4,0,75.0,,0,0,0,0.0,0,1,29,0,74.6,72.6,44.2,21.5,59.4,0.0,0,0,7,20.8,11,53,0,6,77.4,41,0.0,0,79.7,8,0,0.0,0,29,20,3.3,4.8,0.71
Ovie Mughelli,1445,FB,ATL,17,1.9,1,100.0,,0,0,0,0.0,0,2,2,0,77.3,73.6,77.1,69.4,63.3,2.6,3,0,18,18.3,21,115,2,8,77.4,89,3.5,4,96.4,8,0,0.9,1,57,42,5.3,7.1,0.64
Stephen Spach,2789,TE,ARZ,12,5.5,0,62.5,,0,0,0,0.0,0,3,1,0,73.4,68.0,60.4,79.9,43.0,66.9,101,0,23,22.5,34,151,4,5,74.8,113,27.8,42,79.7,8,0,0.7,1,49,26,5.2,9.8,0.43
Michael Bumpus,4618,WR,SEA,3,6.5,0,62.5,,0,0,0,0.0,0,4,29,0,73.4,68.0,67.9,,66.6,0.0,0,1,19,0.0,0,35,0,5,97.1,34,88.6,31,79.2,8,1,8.6,3,48,25,5.0,9.6,1.41
Dominique Zeigler,4111,WR,SF,6,15.0,1,62.5,,0,0,0,16.7,1,2,28,0,45.8,68.0,67.7,,66.9,0.0,0,0,31,0.0,0,43,0,5,90.7,39,16.3,7,104.7,8,0,83.7,36,97,47,9.4,19.4,2.49
Fred Davis,4362,TE,WAS,10,8.4,0,37.5,,0,0,0,25.0,1,1,32,0,36.8,67.4,59.4,76.6,44.5,79.7,47,0,15,22.0,13,59,0,3,76.3,45,11.9,7,47.4,8,0,6.8,4,27,13,4.3,9.0,0.6
Lousaka Polite,2152,FB,MIA,12,0.3,0,75.0,,0,0,0,14.3,1,1,17,0,49.2,79.3,63.2,41.6,46.9,1.2,1,0,9,19.3,16,83,0,6,75.9,63,0.0,0,77.1,8,0,3.6,3,24,25,4.2,4.0,0.38
Nate Burleson,1386,WR,SEA,1,11.4,0,71.4,,0,0,0,16.7,1,4,29,0,45.8,68.0,73.0,,72.1,0.0,0,0,20,0.0,0,32,0,5,93.8,30,46.9,15,136.9,7,1,53.1,17,60,6,1.2,12.0,2.0
Cadillac Williams,2222,HB,TB,6,0.0,1,100.0,,0,0,0,0.0,0,2,30,1,75.6,33.3,55.0,78.2,48.6,0.0,0,0,25,18.9,7,37,0,7,78.4,29,0.0,0,92.3,7,0,0.0,0,43,43,6.1,6.1,1.48
Darcy Johnson,3377,TE,NYG,9,14.1,0,71.4,,0,0,0,0.0,0,5,21,0,73.4,68.0,85.5,74.1,84.9,79.2,38,0,26,14.6,7,48,0,5,85.4,41,16.7,8,136.3,7,2,4.2,2,59,4,0.8,11.8,1.44
James Johnson,4634,HB,CIN,4,-0.4,0,85.7,,0,0,0,0.0,0,3,7,0,74.6,74.5,60.1,76.9,65.5,0.0,0,0,16,42.5,17,40,0,6,57.5,23,5.0,2,94.6,7,0,0.0,0,47,57,9.5,7.8,2.04
Korey Hall,3807,FB,GB,10,2.4,0,100.0,,0,0,0,0.0,0,3,12,0,75.6,69.5,70.8,65.4,68.8,0.0,0,0,11,20.3,16,79,2,7,75.9,60,0.0,0,128.9,7,1,0.0,0,38,26,3.7,5.4,0.63
Craig Davis,3646,WR,SD,3,5.3,0,57.1,,0,0,0,20.0,1,4,27,0,41.6,67.0,65.2,,64.6,0.0,0,1,20,0.0,0,37,0,4,100.0,37,59.5,22,45.2,7,0,37.8,14,59,40,10.0,14.8,1.59
Joshua Cribbs,2544,WR,CLV,13,9.7,0,28.6,,0,0,0,33.3,1,2,8,0,29.9,80.2,62.8,25.2,51.9,0.0,0,1,17,1.5,1,68,1,2,88.2,60,32.4,22,39.6,7,1,60.3,41,18,13,6.5,9.0,0.3
Maurice Stovall,3035,WR,TB,4,10.7,0,42.9,,0,0,0,40.0,2,1,30,1,28.0,14.2,41.1,,36.7,0.0,0,0,9,0.0,0,19,0,3,94.7,18,73.7,14,52.7,7,0,26.3,5,25,4,1.3,8.3,1.39
Dan Klecko,1429,FB,PHI,14,3.9,0,85.7,,0,0,0,0.0,0,2,24,0,76.5,70.1,54.7,57.8,61.6,0.7,1,0,12,31.7,44,139,3,6,64.7,90,1.4,2,88.1,7,0,0.0,0,36,23,3.8,6.0,0.4
Selvin Young,4109,HB,DEN,8,-3.0,1,42.9,,0,0,0,25.0,1,0,10,0,41.6,52.2,63.2,47.8,55.2,0.0,0,0,8,18.6,18,97,0,3,77.3,75,2.1,2,50.3,7,0,15.5,15,16,20,6.7,5.3,0.21
Moran Norris,865,FB,DET,10,0.6,0,57.1,,0,0,0,0.0,0,0,11,0,72.1,68.3,85.1,73.1,50.5,0.0,0,0,6,25.5,27,106,1,4,72.6,77,0.0,0,62.2,7,0,0.0,0,16,16,4.0,4.0,0.21
Yamon Figurs,3690,WR,BLT,8,25.0,0,16.7,,0,0,0,0.0,0,1,3,0,64.7,61.2,59.0,,58.4,0.0,0,1,43,0.0,0,78,0,1,92.3,72,29.5,23,56.9,6,1,70.5,55,43,2,2.0,43.0,0.6
Derek Hagan,3027,WR,NYG,2,11.5,0,50.0,,0,0,0,0.0,0,3,21,0,70.5,65.8,67.2,,62.6,0.0,0,0,20,0.0,0,31,0,3,96.8,30,19.4,6,79.2,6,0,80.6,25,51,7,2.3,17.0,1.7
Ernest Wilford,1841,WR,MIA,7,13.2,0,50.0,,0,0,0,0.0,0,2,17,0,70.5,65.8,58.3,,58.2,0.0,0,0,15,0.0,0,45,1,3,97.8,44,26.7,12,61.1,6,0,73.3,33,25,13,4.3,8.3,0.57
Will Heller,1623,TE,SEA,12,5.7,0,66.7,,0,0,0,0.0,0,2,29,1,72.1,18.7,61.4,75.8,39.4,91.2,52,0,14,19.3,11,57,2,4,80.7,46,0.0,0,77.8,6,0,8.8,5,29,10,2.5,7.3,0.63
BenJarvus Green-Ellis,4599,HB,NE,7,1.5,2,50.0,,0,0,0,40.0,2,3,19,0,28.0,85.7,42.5,77.8,30.5,0.0,0,0,20,12.5,6,48,0,3,85.4,41,0.0,0,69.4,6,0,2.1,1,37,36,12.0,12.3,0.9
Quinton Ganther,3191,HB,TEN,4,-0.8,1,100.0,,0,0,0,0.0,0,3,31,0,74.6,74.9,48.3,78.6,65.0,0.0,0,0,15,20.7,6,29,0,6,79.3,23,0.0,0,96.5,6,0,0.0,0,43,48,8.0,7.2,1.87
Laurent Robinson,3691,WR,ATL,6,4.7,1,83.3,,0,0,0,0.0,0,3,2,0,73.4,68.0,73.9,,71.8,0.0,0,0,23,0.0,0,49,0,5,95.9,47,14.3,7,102.8,6,0,85.7,42,52,28,5.6,10.4,1.11
Tony Hunt,3706,FB,PHI,6,1.5,1,100.0,,0,0,0,0.0,0,3,24,1,51.1,20.6,45.1,58.9,33.8,0.0,0,0,18,20.7,12,58,0,6,75.9,44,1.7,1,95.8,6,0,0.0,0,42,33,5.5,7.0,0.95
Daniel Wilcox,1002,TE,BLT,15,4.7,0,100.0,,0,0,0,0.0,0,2,3,0,74.6,68.8,75.1,78.0,73.5,77.2,44,0,8,33.3,19,57,0,6,61.4,35,7.0,4,122.2,6,2,8.8,5,23,7,1.2,3.8,0.66
Jordan Kent,3826,WR,SEA,5,16.3,0,0.0,,0,0,0,100.0,1,0,29,0,27.9,,43.0,,43.2,0.0,0,0,0,0.0,0,45,0,0,100.0,45,24.4,11,39.6,6,0,75.6,34,0,0,,,0.0
Travis Minor,846,HB,SL,5,0.2,1,83.3,,0,0,0,16.7,1,2,26,0,45.8,75.5,49.5,77.9,50.4,0.0,0,0,16,17.9,5,28,0,5,78.6,22,14.3,4,91.0,6,0,7.1,2,35,36,7.2,7.0,1.59
Charles Ali,4187,FB,CLV,9,1.8,1,66.7,,0,0,0,20.0,1,1,8,0,42.1,67.0,72.0,76.6,55.3,2.3,1,0,12,11.4,5,44,0,4,84.1,37,9.1,4,70.1,6,0,0.0,0,13,12,3.0,3.3,0.35
John Kuhn,2686,FB,GB,16,2.0,0,66.7,,0,0,0,20.0,1,3,12,0,42.1,73.5,80.3,82.8,50.6,2.7,2,0,13,29.3,22,75,0,4,68.0,51,1.3,1,111.8,6,2,0.0,0,21,12,3.0,5.3,0.41
Ben Hartsock,1789,TE,ATL,11,7.8,0,60.0,,0,0,0,0.0,0,1,2,0,70.5,65.8,76.6,45.1,37.6,94.2,130,1,17,18.8,26,138,2,3,77.5,107,3.6,5,34.2,5,0,0.0,0,26,14,4.7,8.7,0.24
Mario Manningham,4409,WR,NYG,5,0.0,1,80.0,,0,0,0,20.0,1,2,21,0,41.6,68.3,58.1,,58.7,0.0,0,0,11,0.0,0,22,0,4,90.9,20,9.1,2,88.3,5,0,90.9,20,26,22,5.5,6.5,1.3
Martin Rucker,4425,TE,CLV,4,10.4,0,40.0,,0,0,0,33.3,1,2,8,0,29.9,64.0,53.6,73.0,53.8,63.6,21,1,9,9.1,3,33,0,2,90.9,30,21.2,7,10.0,5,0,12.1,4,17,1,0.5,8.5,0.57
Clifton Smith,4854,HB,TB,7,3.0,1,80.0,,0,0,0,20.0,1,1,30,1,41.6,14.7,39.8,72.9,38.6,0.0,0,0,13,6.7,2,30,0,4,83.3,25,13.3,4,86.7,5,0,16.7,5,24,6,1.5,6.0,0.96
Terrelle Smith,651,FB,ARZ,19,2.6,0,60.0,,0,0,0,25.0,1,1,1,0,36.2,67.4,68.4,83.8,42.8,0.0,0,0,18,33.7,28,83,2,3,62.7,52,3.6,3,75.4,5,0,0.0,0,28,15,5.0,9.3,0.54
Tony Richardson,110,FB,NYJ,16,1.0,0,20.0,,0,0,0,75.0,3,0,22,0,25.2,73.6,74.2,69.0,28.6,0.0,0,0,4,19.2,28,146,0,1,77.4,113,1.4,2,39.6,5,0,2.7,4,4,3,3.0,4.0,0.04
Matt Schobel,1074,TE,PHI,5,11.4,0,60.0,,0,0,0,0.0,0,0,24,0,70.5,65.8,49.2,73.5,47.8,74.3,26,0,7,17.1,6,35,1,3,82.9,29,17.1,6,66.3,5,0,8.6,3,17,2,0.7,5.7,0.59
Tim Castille,3906,FB,ARZ,15,0.4,0,100.0,,0,0,0,0.0,0,0,1,0,73.4,68.0,50.1,79.3,50.3,16.4,10,0,5,18.0,11,61,0,5,82.0,50,24.6,15,79.2,5,0,3.3,2,14,12,2.4,2.8,0.28
Ahmad Bradshaw,3866,HB,NYG,11,-1.8,0,100.0,,0,0,0,0.0,0,2,21,0,73.4,55.1,47.9,31.7,71.1,0.0,0,0,18,28.1,16,57,1,5,66.7,38,1.8,1,141.3,5,1,3.5,2,42,51,10.2,8.4,1.11
Jameel Cook,904,FB,TB,4,3.0,0,60.0,,0,0,0,25.0,1,2,30,0,36.2,65.8,58.5,75.6,47.9,7.1,2,0,12,14.3,4,28,0,3,82.1,23,3.6,1,72.1,5,0,0.0,0,24,16,5.3,8.0,1.04
Jacoby Jones,3689,WR,HST,6,16.2,0,60.0,,0,0,0,25.0,1,2,13,0,36.8,67.4,65.3,,67.3,0.0,0,0,45,0.0,0,16,0,3,100.0,16,25.0,4,104.2,5,0,75.0,12,81,34,11.3,27.0,5.06
Roy Hall,3785,WR,IND,2,19.5,0,25.0,,0,0,0,0.0,0,1,14,0,64.7,61.2,62.1,,58.8,0.0,0,0,9,0.0,0,18,0,1,94.4,17,50.0,9,39.6,4,0,50.0,9,9,3,3.0,9.0,0.53
Aveion Cason,945,HB,DET,6,1.8,0,100.0,,0,0,0,0.0,0,0,11,0,73.8,71.4,48.4,20.3,57.2,0.0,0,0,15,15.2,7,46,0,4,82.6,38,0.0,0,94.8,4,0,2.2,1,27,20,5.0,6.8,0.71
P.J. Pope,3467,HB,DEN,2,0.3,0,75.0,,0,0,0,0.0,0,2,10,0,70.5,76.7,63.2,73.0,78.8,0.0,0,0,16,14.3,2,14,0,3,78.6,11,0.0,0,129.2,4,1,0.0,0,24,24,8.0,8.0,2.18
Jacob Tamme,4441,TE,IND,2,3.0,0,75.0,,0,0,0,0.0,0,1,14,0,70.5,65.8,66.2,74.5,61.7,63.2,24,0,6,18.4,7,38,0,3,81.6,31,36.8,14,77.1,4,0,0.0,0,12,5,1.7,4.0,0.39
Pierre Garcon,4519,WR,IND,4,3.0,0,100.0,,0,0,0,0.0,0,2,14,0,72.1,67.0,60.1,,59.9,0.0,0,0,12,0.0,0,36,0,4,100.0,36,8.3,3,90.6,4,0,91.7,33,23,11,2.8,5.8,0.64
Ryan Moats,2294,HB,HST,4,-1.5,0,75.0,,0,0,0,0.0,0,0,13,0,70.5,79.4,54.7,78.7,60.6,0.0,0,0,5,30.8,8,26,0,3,69.2,18,0.0,0,79.2,4,0,3.8,1,14,17,5.7,4.7,0.78
Sean Ryan,1865,FB,SF,7,1.5,0,75.0,,0,0,0,0.0,0,0,28,0,70.5,65.8,63.0,39.8,57.3,37.9,11,0,8,24.1,7,29,0,3,75.9,22,6.9,2,80.2,4,0,0.0,0,15,12,4.0,5.0,0.68
Billy Bajema,2466,TE,SF,16,11.0,0,50.0,,0,0,0,0.0,0,1,28,0,68.3,64.0,72.7,55.6,57.0,87.0,60,0,29,52.2,36,69,3,2,43.5,30,4.3,3,79.2,4,0,0.0,0,34,16,8.0,17.0,1.13
Nate Lawrie,1899,TE,CIN,6,2.0,0,50.0,,0,0,0,0.0,0,0,7,0,68.3,64.0,56.2,68.2,46.9,65.4,17,0,7,3.8,1,26,1,2,96.2,25,15.4,4,56.3,4,0,7.7,2,11,7,3.5,5.5,0.44
Logan Payne,4037,WR,SEA,2,10.0,0,75.0,,0,0,0,0.0,0,3,29,1,70.5,14.2,50.3,,54.1,0.0,0,0,22,0.0,0,33,1,3,97.0,32,78.8,26,105.2,4,0,21.2,7,39,4,1.3,13.0,1.22
Robert Ferguson,811,WR,MIN,4,6.3,0,75.0,,0,0,0,0.0,0,2,18,0,70.5,65.8,69.6,,69.6,0.0,0,0,9,0.0,0,15,0,3,93.3,14,33.3,5,90.6,4,0,66.7,10,25,5,1.7,8.3,1.79
Joey Haynos,4711,TE,MIA,6,12.3,0,50.0,,0,0,0,0.0,0,1,17,1,68.3,17.1,52.4,74.5,41.2,48.4,15,0,19,19.4,6,31,0,2,77.4,24,19.4,6,106.3,4,1,25.8,8,22,0,0.0,11.0,0.92
Sean McHugh,1955,FB,PIT,14,2.5,0,75.0,,0,0,0,0.0,0,1,25,0,70.5,65.8,80.8,30.8,57.2,56.8,21,0,15,13.5,5,37,1,3,81.1,30,0.0,0,89.6,4,0,0.0,0,24,15,5.0,8.0,0.8
Dan Kreider,749,FB,SL,11,0.0,0,0.0,,0,0,0,100.0,2,0,26,0,25.5,61.9,43.1,49.8,28.9,0.0,0,0,0,33.8,27,80,0,0,63.8,51,0.0,0,39.6,4,0,3.8,3,0,0,,,0.0
Steve Sanders,4189,WR,CLV,5,11.8,0,25.0,,0,0,0,0.0,0,1,8,0,64.7,61.2,55.1,,54.9,0.0,0,0,18,0.0,0,42,0,1,95.2,40,31.0,13,45.8,4,0,69.0,29,18,0,0.0,18.0,0.45
Glenn Martinez,2112,WR,DEN,2,10.3,0,75.0,,0,0,0,0.0,0,2,10,0,70.5,65.8,66.0,,65.3,0.0,0,0,12,0.0,0,23,0,3,95.7,22,73.9,17,97.9,4,0,26.1,6,32,1,0.3,10.7,1.45
Najeh Davenport,1131,HB,IND,2,6.3,2,100.0,,0,0,0,0.0,0,2,14,0,72.1,74.4,59.0,69.6,78.1,0.0,0,0,33,4.8,1,21,0,4,95.2,20,0.0,0,118.8,4,0,0.0,0,54,29,7.3,13.5,2.7
Jeb Putzier,1174,TE,DEN,3,12.8,0,0.0,,0,0,0,100.0,2,0,10,0,25.6,,30.4,,28.8,83.3,15,0,0,0.0,0,18,0,0,94.4,17,5.6,1,39.6,4,0,11.1,2,0,0,,,0.0
Zak Keasey,2674,FB,SF,6,0.3,0,75.0,,0,0,0,0.0,0,1,28,1,72.1,15.0,50.6,70.0,33.5,0.0,0,0,12,23.3,10,43,0,3,67.4,29,0.0,0,90.6,4,0,4.7,2,25,24,8.0,8.3,0.86
Marcus Smith,4420,WR,BLT,8,8.3,0,0.0,,0,0,1,100.0,1,0,3,0,28.9,61.2,46.4,,47.6,0.0,0,1,0,0.0,0,123,1,0,93.5,115,30.9,38,0.0,3,0,69.1,85,0,0,,,0.0
Darian Barnes,1216,FB,NO,5,-2.0,2,66.7,,0,0,0,33.3,1,1,20,1,29.9,17.1,32.3,80.6,28.7,0.0,0,0,25,37.9,11,29,0,2,62.1,18,3.4,1,104.9,3,0,6.9,2,34,33,16.5,17.0,1.89
Jerome Simpson,4360,WR,CIN,5,6.3,0,33.3,,0,0,0,0.0,0,1,7,0,64.7,61.2,46.4,,47.6,0.0,0,1,2,0.0,0,10,0,1,80.0,8,0.0,0,2.8,3,0,100.0,10,2,3,3.0,2.0,0.25
Mark Jones,1922,WR,CAR,4,12.3,0,66.7,,0,0,0,0.0,0,2,5,0,68.3,64.0,62.8,,59.7,0.0,0,0,19,0.0,0,18,0,2,100.0,18,50.0,9,102.1,3,0,50.0,9,32,3,1.5,16.0,1.78
Michael Matthews,4218,TE,NYG,17,7.3,0,66.7,,0,0,0,0.0,0,2,21,0,68.3,64.0,62.5,59.5,49.1,77.3,85,0,13,21.8,24,110,2,2,73.6,81,11.8,13,93.8,3,0,7.3,8,26,2,1.0,13.0,0.32
Chris Davis,3744,WR,TEN,4,9.3,0,66.7,,0,0,0,0.0,0,2,31,0,68.3,64.0,69.8,,69.3,0.0,0,0,21,0.0,0,26,0,2,92.3,24,30.8,8,100.7,3,0,69.2,18,31,16,8.0,15.5,1.29
Nick Goings,956,HB,CAR,7,-1.3,2,100.0,,0,0,0,0.0,0,0,5,0,70.5,73.7,32.9,16.2,56.9,0.0,0,0,3,13.3,2,15,0,3,86.7,13,0.0,0,79.2,3,0,6.7,1,1,5,1.7,0.3,0.08
Michael Bennett,797,HB,SD,3,-1.7,0,100.0,,0,0,0,0.0,0,1,27,0,70.5,75.0,50.5,,76.6,0.0,0,0,7,0.0,0,7,0,3,100.0,7,0.0,0,87.5,3,0,0.0,0,15,20,6.7,5.0,2.14
Olaniyi Sobomehin,4782,FB,NO,1,0.0,0,66.7,,0,0,0,0.0,0,1,20,1,68.3,13.6,43.8,73.1,27.4,0.0,0,0,10,18.2,2,11,0,2,72.7,8,0.0,0,70.1,3,0,0.0,0,8,11,5.5,4.0,1.0
Deon Anderson,3811,FB,DAL,14,3.3,0,66.7,,0,0,0,0.0,0,1,9,0,29.9,67.8,66.6,27.9,41.5,0.0,0,0,6,19.1,13,68,0,2,73.5,50,0.0,0,109.7,3,1,0.0,0,7,4,2.0,3.5,0.14
Brandon Middleton,2123,WR,DET,7,12.0,0,33.3,,0,0,0,50.0,1,1,11,0,28.8,61.2,51.5,,51.7,0.0,0,0,23,0.0,0,31,0,1,100.0,31,58.1,18,61.8,3,0,41.9,13,23,2,2.0,23.0,0.74
Andre Hall,3333,HB,DEN,8,-4.7,0,100.0,,0,0,0,0.0,0,2,10,0,72.1,23.7,43.7,31.5,58.1,0.0,0,0,11,23.2,19,82,2,3,68.3,56,0.0,0,101.4,3,0,2.4,2,25,39,13.0,8.3,0.45
Jason Davis,3285,FB,CHI,5,2.3,2,33.3,,0,0,0,50.0,1,1,6,0,28.8,64.6,42.8,53.7,36.7,0.0,0,0,12,37.0,10,27,1,1,63.0,17,0.0,0,46.5,3,0,0.0,0,12,8,8.0,12.0,0.71
George Wrighster,1417,TE,JAX,5,13.3,1,66.7,,0,0,0,0.0,0,1,15,0,68.3,64.0,67.0,73.9,70.0,37.5,9,0,27,8.3,2,24,1,2,79.2,19,25.0,6,106.3,3,0,4.2,1,35,19,9.5,17.5,1.84
Buck Ortega,3448,TE,NO,8,-1.0,0,33.3,,0,0,0,0.0,0,0,20,0,64.7,61.2,56.9,55.4,42.7,75.0,21,1,3,10.7,3,28,0,1,89.3,25,10.7,3,2.8,3,0,7.1,2,3,3,3.0,3.0,0.12
Chad Simpson,4692,HB,IND,3,-0.3,0,100.0,,0,0,0,0.0,0,1,14,0,70.5,28.6,54.1,,59.2,0.0,0,0,15,0.0,0,22,0,3,100.0,22,0.0,0,108.3,3,0,0.0,0,30,31,10.3,10.0,1.36
Deshawn Wynn,3844,HB,GB,3,2.0,0,100.0,,0,0,0,0.0,0,1,12,1,70.5,21.3,51.1,80.1,33.6,0.0,0,0,23,27.8,10,36,0,3,72.2,26,0.0,0,118.1,3,0,5.6,2,37,31,10.3,12.3,1.42
Montell Owens,3452,FB,JAX,7,3.0,0,66.7,,0,0,0,0.0,0,1,15,0,68.3,66.2,59.3,75.8,53.1,0.0,0,0,10,36.4,4,11,0,2,63.6,7,0.0,0,81.3,3,0,0.0,0,17,9,4.5,8.5,2.43
Rashard Mendenhall,4337,HB,PIT,3,1.0,1,66.7,,0,0,0,33.3,1,1,25,0,29.9,77.1,54.2,13.0,44.5,0.0,0,0,11,33.3,4,12,0,2,66.7,8,8.3,1,81.3,3,0,0.0,0,17,14,7.0,8.5,2.13
Kregg Lumpkin,4714,HB,GB,1,0.0,0,100.0,,0,0,0,0.0,0,1,12,0,70.5,67.4,69.4,,78.0,0.0,0,0,12,0.0,0,6,0,3,100.0,6,0.0,0,97.2,3,0,0.0,0,22,22,7.3,7.3,3.67
Heath Evans,843,FB,NE,12,3.3,0,100.0,,0,0,0,0.0,0,3,19,0,70.5,74.6,61.2,44.2,56.1,0.0,0,0,28,11.7,7,60,0,3,88.3,53,6.7,4,118.8,3,0,20.0,12,59,49,16.3,19.7,1.11
Paul Williams,3696,WR,TEN,4,23.3,0,33.3,,0,0,0,0.0,0,1,31,0,64.7,61.2,52.3,,52.5,0.0,0,0,7,0.0,0,20,0,1,100.0,20,15.0,3,42.4,3,0,85.0,17,7,0,0.0,7.0,0.35
Corey McIntyre,1278,FB,BUF,9,-1.7,0,66.7,,0,0,0,33.3,1,0,4,0,29.9,64.0,52.0,39.3,36.6,0.0,0,0,0,15.0,6,40,0,2,85.0,34,0.0,0,70.1,3,0,0.0,0,-1,3,1.5,-0.5,-0.03
Jeff Dugan,1936,FB,MIN,10,-1.0,0,100.0,,0,0,0,0.0,0,1,18,0,68.3,70.0,52.3,72.0,47.4,57.1,32,0,9,7.1,4,56,1,2,89.3,50,5.4,3,91.7,2,0,16.1,9,12,14,7.0,6.0,0.24
Jesse Chatman,2861,HB,NYJ,2,-1.5,2,100.0,,0,0,0,0.0,0,0,22,0,68.3,70.9,56.6,71.3,67.7,0.0,0,0,3,25.0,1,4,0,2,75.0,3,0.0,0,79.2,2,0,0.0,0,5,8,4.0,2.5,1.67
Casey Cramer,1942,FB,TEN,6,5.5,0,100.0,,0,0,0,0.0,0,1,31,0,68.3,64.0,74.5,31.2,70.3,15.8,3,0,2,26.3,5,19,0,2,68.4,13,0.0,0,118.8,2,1,15.8,3,3,0,0.0,1.5,0.23
Thomas Tapeh,1880,FB,MIN,1,1.5,0,50.0,,0,0,0,0.0,0,0,18,0,64.7,61.2,55.7,,60.1,0.0,0,0,7,0.0,0,8,0,1,100.0,8,0.0,0,58.3,2,0,0.0,0,7,4,4.0,7.0,0.88
Kevin Jones,1751,HB,CHI,8,-3.0,0,100.0,,0,0,0,0.0,0,0,6,0,70.5,80.5,54.8,56.1,59.0,0.0,0,0,3,35.7,10,28,0,2,60.7,17,0.0,0,79.2,2,0,7.1,2,5,11,5.5,2.5,0.29
Brian Clark,3271,WR,TB,3,12.0,0,50.0,,0,0,0,0.0,0,1,30,0,64.7,61.2,62.3,,61.8,0.0,0,0,12,0.0,0,14,0,1,100.0,14,57.1,8,68.8,2,0,42.9,6,12,4,4.0,12.0,0.86
DeDe Dorsey,3299,HB,CIN,3,-4.0,2,100.0,,0,0,0,0.0,0,2,7,0,68.3,70.9,54.4,70.7,73.3,0.0,0,0,36,9.1,1,11,0,2,90.9,10,9.1,1,118.8,2,0,9.1,1,49,57,28.5,24.5,4.9
Dantrell Savage,4822,HB,KC,2,-2.0,0,100.0,,0,0,0,0.0,0,0,16,0,68.3,75.9,53.9,49.2,53.8,0.0,0,0,2,19.5,8,41,0,2,73.2,30,0.0,0,79.2,2,0,0.0,0,0,4,2.0,0.0,0.0
Kelley Washington,1380,WR,NE,1,0.0,0,50.0,,0,0,0,0.0,0,1,19,0,64.7,61.2,61.2,,56.5,0.0,0,0,3,0.0,0,8,0,1,100.0,8,62.5,5,56.3,2,0,37.5,3,3,6,6.0,3.0,0.38
Cliff Russell,1090,WR,DEN,2,11.5,0,0.0,,0,0,0,,0,0,10,0,,,41.2,,45.2,0.0,0,0,0,0.0,0,4,0,0,75.0,3,0.0,0,39.6,2,0,100.0,4,0,0,,,0.0
Isaiah Stanback,3719,WR,DAL,3,9.0,0,100.0,,0,0,0,0.0,0,0,9,0,68.3,64.0,66.3,,62.6,0.0,0,0,15,0.0,0,15,0,2,100.0,15,26.7,4,116.7,2,0,73.3,11,24,6,3.0,12.0,1.6
David Clowney,3773,WR,NYJ,2,18.5,0,50.0,,0,0,0,0.0,0,1,22,0,64.7,61.2,89.1,,83.4,0.0,0,0,26,0.0,0,5,0,1,100.0,5,40.0,2,95.8,2,0,60.0,3,26,6,6.0,26.0,5.2
Troy Smith,3790,QB,BLT,3,-5.5,0,50.0,,0,0,0,0.0,0,1,3,0,67.6,74.9,76.7,60.9,94.8,0.0,0,0,36,14.3,1,7,0,1,14.3,1,0.0,0,95.8,2,0,0.0,0,36,39,39.0,36.0,36.0
Dallas Baker,3843,WR,PIT,5,5.5,0,50.0,,0,0,0,50.0,1,0,25,0,28.8,61.2,43.3,,44.9,0.0,0,0,6,0.0,0,19,0,1,89.5,17,94.7,18,56.3,2,0,5.3,1,6,2,2.0,6.0,0.35
Dominique Rodgers-Cromartie,4330,CB,ARZ,3,31.0,0,0.0,,0,0,1,,0,0,1,0,,,55.4,,56.4,0.0,0,0,0,0.0,0,4,4,0,100.0,4,0.0,0,39.6,2,0,100.0,4,0,0,,,0.0
Felix Jones,4336,HB,DAL,6,1.0,0,100.0,,0,0,0,0.0,0,0,9,0,68.3,80.1,61.5,35.5,54.0,0.0,0,0,7,16.1,5,31,0,2,77.4,24,12.9,4,87.5,2,0,6.5,2,10,8,4.0,5.0,0.42
Marc Bulger,684,QB,SL,15,8.5,0,100.0,,0,0,0,0.0,0,0,26,5,68.3,68.5,56.1,72.6,75.9,0.0,0,0,11,0.4,2,515,1,2,0.4,2,0.0,0,102.1,2,0,0.4,2,17,0,0.0,8.5,8.5
Jerame Tuman,513,TE,ARZ,3,11.5,0,100.0,,0,0,0,0.0,0,1,1,0,68.3,64.0,70.3,56.0,63.9,75.8,25,0,18,27.3,9,33,0,2,66.7,22,18.2,6,118.8,2,0,3.0,1,31,8,4.0,15.5,1.41
Craig Stevens,4399,TE,TEN,7,9.5,0,50.0,,0,0,1,0.0,0,0,31,0,64.7,61.2,49.5,29.9,34.8,92.9,26,0,9,7.1,2,28,1,1,89.3,25,7.1,2,62.5,2,0,0.0,0,9,1,1.0,9.0,0.36
Eddie Kennison,161,WR,SL,3,24.5,0,0.0,,0,0,0,,0,0,26,0,,,49.1,,49.9,0.0,0,0,0,0.0,0,26,0,0,92.3,24,50.0,13,39.6,2,0,50.0,13,0,0,,,0.0
Matthew Slater,4467,WR,NE,4,5.0,0,0.0,,0,0,0,,0,0,19,0,,,52.2,,52.9,0.0,0,0,0,0.0,0,11,0,0,90.9,10,0.0,0,39.6,2,0,100.0,11,0,0,,,0.0
Marcus Pollard,151,TE,ATL,2,3.0,0,100.0,,0,0,0,0.0,0,0,2,1,68.3,13.6,29.4,,27.4,100.0,5,0,6,0.0,0,5,0,2,100.0,5,0.0,0,81.3,2,0,0.0,0,7,1,0.5,3.5,1.4
Allen Rossum,377,CB,SF,1,-3.0,0,100.0,,0,0,0,0.0,0,0,28,0,64.7,64.6,68.7,,60.8,0.0,0,0,4,0.0,0,1,0,1,100.0,1,0.0,0,83.3,1,0,100.0,1,4,7,7.0,4.0,4.0
Joe Flacco,4332,QB,BLT,19,26.0,0,100.0,,0,0,1,0.0,0,1,3,6,64.7,73.2,65.2,,93.0,0.0,0,0,43,0.0,0,590,4,1,0.8,5,0.0,0,118.8,1,0,0.7,4,43,17,17.0,43.0,8.6
Edgar Jones,4280,ED,BLT,1,19.0,0,100.0,,0,0,0,0.0,0,1,3,0,64.7,61.2,85.8,,90.4,100.0,1,0,25,0.0,0,1,0,1,100.0,1,0.0,0,118.8,1,0,0.0,0,25,6,6.0,25.0,25.0
Eric Weems,4097,WR,ATL,3,-3.0,0,100.0,,0,0,0,0.0,0,0,2,0,64.7,61.2,63.7,,57.3,0.0,0,0,4,0.0,0,4,0,1,100.0,4,75.0,3,83.3,1,0,25.0,1,4,7,7.0,4.0,1.0
Gary Russell,4059,HB,PIT,9,-8.0,0,100.0,,0,0,0,0.0,0,0,25,0,64.7,80.4,57.4,80.2,54.5,0.0,0,0,-2,38.5,10,26,0,1,61.5,16,3.8,1,79.2,1,0,0.0,0,-2,6,6.0,-2.0,-0.13
Jackie Battle,3885,HB,KC,1,-3.0,0,100.0,,0,0,0,0.0,0,0,16,0,64.7,61.2,64.3,76.6,64.1,0.0,0,0,-2,66.7,4,6,0,1,33.3,2,0.0,0,79.2,1,0,0.0,0,-2,1,1.0,-2.0,-1.0
Tyson DeVree,4890,TE,NE,2,5.0,0,0.0,,0,0,0,100.0,1,0,19,0,,,52.9,68.6,53.4,12.5,1,0,0,12.5,1,8,0,0,87.5,7,75.0,6,39.6,1,0,0.0,0,0,0,,,0.0
Tyler Thigpen,3833,QB,KC,14,40.0,0,100.0,,0,0,0,0.0,0,1,16,3,64.7,84.3,64.9,61.3,90.7,0.0,0,0,37,0.2,1,508,2,1,0.2,1,0.0,0,158.3,1,1,0.2,1,37,0,0.0,37.0,37.0
Drew Bennett,941,WR,SL,1,4.0,0,100.0,,0,0,0,0.0,0,0,26,0,64.7,61.2,59.0,,59.2,0.0,0,0,4,0.0,0,3,0,1,100.0,3,66.7,2,83.3,1,0,33.3,1,4,0,0.0,4.0,1.33
T.J. Duckett,1025,HB,SEA,12,-6.0,0,0.0,,0,0,0,,0,0,29,0,,84.3,56.2,78.3,50.2,0.0,0,0,0,24.1,7,29,0,0,75.9,22,0.0,0,39.6,1,0,6.9,2,0,0,,,0.0
Pete Kendall,163,G,WAS,16,-6.0,0,100.0,,0,0,1,0.0,0,0,32,1,67.6,15.5,87.3,79.6,36.2,0.0,0,0,-9,100.0,607,607,3,1,0.0,0,0.0,0,79.2,1,0,0.0,0,-9,-3,-3.0,-9.0,
David Garrard,1109,QB,JAX,16,-6.0,0,100.0,,0,0,0,0.0,0,0,15,6,,62.7,76.3,,,0.0,0,0,-6,0.0,0,647,3,1,0.0,0,0.0,0,79.2,1,0,0.0,0,-6,0,0.0,-6.0,
Gary Barnidge,4455,TE,CAR,4,32.0,0,0.0,,0,0,0,,0,0,5,0,,,60.0,,49.4,85.7,6,0,0,0.0,0,7,0,0,100.0,7,14.3,1,39.6,1,0,0.0,0,0,0,,,0.0
Rock Cartwright,1211,HB,WAS,5,-7.0,0,100.0,,0,0,0,0.0,0,0,32,0,64.7,70.3,43.5,0.0,57.8,0.0,0,0,-7,20.0,2,10,0,1,80.0,8,0.0,0,79.2,1,0,20.0,2,-7,0,0.0,-7.0,-0.88
Ryan Fitzpatrick,2467,QB,CIN,12,-6.0,0,100.0,,0,0,0,0.0,0,0,7,9,,29.7,53.9,,,0.0,0,0,-3,0.0,0,462,1,1,0.0,0,0.0,0,79.2,1,0,0.0,0,-3,3,3.0,-3.0,
Todd Herremans,2343,G,PHI,19,5.0,0,100.0,,0,0,0,0.0,0,1,24,0,64.7,61.2,84.4,79.7,89.0,0.4,3,0,1,99.8,799,801,6,1,0.2,2,0.0,0,118.8,1,1,0.0,0,1,0,0.0,1.0,0.5
Levi Brown,3621,T,ARZ,20,-10.0,0,100.0,,0,0,0,0.0,0,0,1,0,67.6,62.3,76.0,62.6,44.8,0.0,0,0,4,100.0,835,835,8,1,0.0,0,0.0,0,83.3,1,0,0.0,0,4,14,14.0,4.0,
Alvin Pearman,2344,HB,JAX,1,21.0,0,100.0,,0,0,0,0.0,0,1,15,0,64.7,61.2,66.2,,81.5,0.0,0,0,23,0.0,0,1,0,1,100.0,1,0.0,0,158.3,1,1,0.0,0,23,2,2.0,23.0,23.0
JaMarcus Russell,3617,QB,OAK,15,10.0,0,0.0,,0,0,0,100.0,1,0,23,12,27.9,28.8,53.2,80.0,41.6,0.0,0,0,0,0.7,3,433,4,0,0.2,1,0.0,0,39.6,1,0,0.0,0,0,0,,,0.0
Mike Hart,4516,HB,IND,2,3.0,0,100.0,,0,0,0,0.0,0,1,14,1,64.7,18.0,42.3,,26.2,0.0,0,0,18,0.0,0,5,0,1,100.0,5,0.0,0,118.8,1,0,0.0,0,18,15,15.0,18.0,3.6
John Madsen,3408,TE,CLV,2,4.0,0,0.0,,0,0,0,100.0,1,0,8,0,27.9,,32.8,,39.6,0.0,0,0,0,0.0,0,3,0,0,100.0,3,33.3,1,39.6,1,0,66.7,2,0,0,,,0.0
Chauncey Washington,4527,HB,JAX,2,3.0,0,100.0,,0,0,0,0.0,0,1,15,0,68.3,70.0,66.2,,63.4,0.0,0,0,9,0.0,0,7,0,1,71.4,5,0.0,0,104.2,1,0,0.0,0,9,6,6.0,9.0,1.8
Mike Bell,3225,HB,NO,2,-7.0,1,100.0,,0,0,0,0.0,0,1,20,0,64.7,74.9,52.3,28.1,67.3,0.0,0,0,14,23.1,3,13,0,1,76.9,10,0.0,0,118.8,1,0,0.0,0,14,21,21.0,14.0,1.4
Kurt Warner,112,QB,ARZ,20,-6.0,0,100.0,,0,0,0,0.0,0,0,1,8,,69.7,73.3,60.9,58.4,0.0,0,0,4,0.1,1,804,12,1,0.1,1,0.0,0,83.3,1,0,0.0,0,4,10,10.0,4.0,4.0
Todd Watkins,3163,WR,OAK,7,48.0,0,0.0,,0,0,1,,0,0,23,0,64.7,61.2,51.0,,49.4,0.0,0,0,0,0.0,0,53,1,0,92.5,49,20.8,11,39.6,1,0,79.2,42,0,0,,,0.0
Charlie Johnson,3144,G,IND,17,-4.0,0,100.0,,0,0,0,0.0,0,0,14,0,67.6,62.3,75.5,60.7,39.1,0.0,0,0,-2,100.0,672,672,2,1,0.0,0,0.0,0,79.2,1,0,0.0,0,-2,2,2.0,-2.0,
Adam Jennings,3129,WR,DET,4,2.0,0,0.0,,0,0,0,100.0,1,0,11,0,27.9,,40.0,,42.4,0.0,0,0,0,0.0,0,12,0,0,100.0,12,33.3,4,39.6,1,0,66.7,8,0,0,,,0.0
Marques Hagans,3089,QB,KC,2,-3.0,0,100.0,,0,0,0,0.0,0,1,16,0,64.7,68.7,73.9,,74.8,0.0,0,0,7,0.0,0,5,0,1,60.0,3,60.0,3,95.8,1,0,0.0,0,7,10,10.0,7.0,2.33
Lance Ball,4808,HB,IND,1,-3.0,0,100.0,,0,0,0,0.0,0,0,14,0,64.7,22.9,52.3,,56.8,0.0,0,0,5,0.0,0,11,0,1,100.0,11,0.0,0,87.5,1,0,0.0,0,5,8,8.0,5.0,0.45
Chad Jackson,2981,WR,DEN,4,-1.0,0,100.0,,0,0,0,0.0,0,1,10,0,64.7,61.2,59.9,,59.6,0.0,0,0,19,0.0,0,18,0,1,100.0,18,38.9,7,118.8,1,0,61.1,11,19,20,20.0,19.0,1.06
Antrel Rolle,2225,S,ARZ,3,-2.0,0,100.0,,0,0,0,0.0,0,1,1,0,68.3,64.0,78.5,,74.6,0.0,0,0,9,0.0,0,3,6,1,33.3,1,33.3,1,104.2,1,0,66.7,2,9,11,11.0,9.0,9.0
Terrance Copper,2016,WR,BLT,6,7.0,0,0.0,,0,0,0,,0,0,3,0,,,64.9,,61.2,0.0,0,0,0,0.0,0,15,0,0,93.3,14,20.0,3,39.6,1,0,80.0,12,0,0,,,0.0
Darrell Reid,2758,DI,IND,5,2.0,0,0.0,,0,0,0,,0,0,14,0,,,80.0,75.0,55.6,0.0,0,0,0,57.1,4,7,2,0,42.9,3,0.0,0,39.6,1,0,0.0,0,0,0,,,0.0
Sam Gado,2599,HB,SL,1,-3.0,0,100.0,,0,0,0,0.0,0,0,26,0,64.7,68.2,47.1,70.7,63.2,0.0,0,0,-1,33.3,1,3,0,1,66.7,2,0.0,0,79.2,1,0,0.0,0,-1,2,2.0,-1.0,-0.5
Jason Rader,2154,TE,ATL,7,17.0,0,100.0,,0,0,0,0.0,0,1,2,1,64.7,21.7,53.9,73.7,30.2,96.9,31,0,26,21.9,7,32,2,1,75.0,24,3.1,1,118.8,1,0,0.0,0,26,9,9.0,26.0,1.08
Earl Bennett,4384,WR,CHI,4,10.0,0,0.0,,0,0,0,,0,0,6,0,,,51.8,,52.4,0.0,0,0,0,0.0,0,10,0,0,100.0,10,80.0,8,39.6,1,0,20.0,2,0,0,,,0.0
Dan Campbell,488,TE,DET,1,12.0,0,100.0,,0,0,0,0.0,0,1,11,0,64.7,61.2,79.3,,85.0,100.0,4,0,21,0.0,0,4,0,1,75.0,3,0.0,0,118.8,1,0,0.0,0,21,9,9.0,21.0,7.0
Shaun Alexander,597,HB,WAS,2,2.0,0,100.0,,0,0,0,0.0,0,0,32,0,64.7,74.5,58.3,70.7,74.6,0.0,0,0,9,20.0,1,5,0,1,60.0,3,0.0,0,104.2,1,0,0.0,0,9,7,7.0,9.0,3.0
Lorenzo Alexander,2476,DI,WAS,4,6.0,0,0.0,,0,0,0,,0,0,32,0,,,73.9,68.4,52.5,100.0,4,0,0,50.0,2,4,1,0,50.0,2,0.0,0,39.6,1,0,0.0,0,0,0,,,0.0
