Player,Team,Pos,Fantasy Points Pts,Fantasy Points x-Pts,Fantasy Points +/-,Points Per Game PPG,Points Per Game x-PPG,Points Per Game +/-,#G,Receiving Rec,Receiving X-Rec,Receiving Yds,Receiving X-Yds,Receiving TD,Receiving X-TD,Rushing Yds,Rushing X-Yds,Rushing TD,Rushing X-TD
Trent Sherfield,MIA,WR,83.7,92.1,-8.399999999999991,4.9,5.4,-0.5,17,30,31.22,417,423.97,2,3.0816,0,0.0,0,0.0
Chris Conley,TEN,WR,8.6,11.6,-3.0,1.0,1.3,-0.3,9,4,4.55,46,70.64,0,0.0,0,0.0,0,0.0
Hunter Renfrow,LV,WR,81.0,82.7,-1.7000000000000028,8.1,8.3,-0.2,10,36,36.78,330,394.57,2,1.0848,0,0.0,0,0.0
Rhamondre Stevenson,NE,RB,251.2,270.6,-19.40000000000004,14.8,15.9,-1.1,17,69,75.97,421,500.83,1,2.1312,1041,890.1058,5,7.13
Christian McCaffrey,SF,RB,351.0,316.5,34.5,20.6,18.6,2.0,17,85,83.44,741,603.01,5,3.4384,1139,1017.9382,8,8.39
Breshad Perriman,TB,WR,25.3,34.3,-8.999999999999996,2.3,3.1,-0.8,11,9,11.33,110,160.96,1,0.9984,-7,9.1924,0,0.0
T.J. Hockenson,MIN,TE,213.4,220.1,-6.699999999999989,12.6,12.9,-0.4,17,86,84.35,914,910.64,6,7.4496,0,0.0,0,0.0
DJ Turner,LV,WR,2.6,4.3,-1.6999999999999995,0.4,0.7,-0.3,6,0,0.89,0,3.97,0,0.1632,26,17.0324,0,0.05
Devin Singletary,BUF,RB,183.9,191.8,-7.900000000000006,11.5,12.0,-0.5,16,38,40.37,280,299.25,1,1.44,819,733.7076,5,6.58
Nico Collins,HST,WR,97.1,116.2,-19.10000000000001,9.7,11.6,-1.9,10,37,38.9,481,556.22,2,3.6096,0,0.0,0,0.0
Zamir White,LV,RB,7.0,8.2,-1.1999999999999993,0.6,0.7,-0.1,12,0,0.0,0,0.0,0,0.0,70,73.4902,0,0.14
Erik Ezukanma,MIA,WR,1.3,1.6,-0.3,1.3,1.6,-0.3,1,1,0.94,3,5.77,0,0.0096,0,0.0,0,0.0
Damien Harris,NE,RB,91.0,99.2,-8.200000000000003,8.3,9.0,-0.7,11,17,17.59,97,121.13,0,1.5264,463,454.0536,3,2.49
Chigoziem Okonkwo,TEN,TE,95.1,81.7,13.399999999999991,5.6,4.8,0.8,17,32,30.47,449,339.66,3,2.7168,2,9.2022,0,0.0
Caleb Huntley,ATL,RB,44.9,48.8,-3.899999999999999,3.7,4.1,-0.3,12,2,1.81,3,11.44,0,0.0,366,319.6662,1,2.32
David Montgomery,CHI,RB,181.7,177.4,4.299999999999983,11.4,11.1,0.3,16,34,32.48,316,243.33,1,0.7104,801,857.7066,5,5.1
Connor Heyward,PIT,TE,35.8,29.1,6.699999999999996,2.1,1.7,0.4,17,12,10.56,151,99.25,1,1.296,27,8.232,0,0.01
Tommy Sweeney,BUF,TE,1.7,1.6,0.0999999999999998,0.3,0.3,0.0,5,1,0.88,7,7.46,0,0.0,0,0.0,0,0.0
Maxx Williams,ARZ,TE,4.8,3.2,1.5999999999999996,0.4,0.3,0.1,11,3,1.84,18,13.68,0,0.0,0,0.0,0,0.0
Spencer Brown,CAR,RB,7.3,13.3,-6.000000000000001,3.6,6.7,-3.0,2,2,3.53,10,27.3,0,0.0,43,36.799,0,0.56
Michael Woods II,CLV,WR,9.0,21.9,-12.9,0.9,2.2,-1.3,10,5,5.77,45,83.79,0,1.2864,-5,0.0,0,0.0
Charlie Kolar,BLT,TE,8.9,11.7,-2.799999999999999,4.5,5.8,-1.4,2,4,4.03,49,42.62,0,0.576,0,0.0,0,0.0
Ian Thomas,CAR,TE,40.7,45.4,-4.699999999999996,2.4,2.7,-0.3,17,21,23.31,197,188.51,0,0.5376,0,0.0,0,0.0
Clyde Edwards-Helaire,KC,RB,98.3,86.5,11.799999999999995,9.8,8.7,1.2,10,17,17.84,151,116.65,3,2.2848,302,296.4018,3,2.28
Deebo Samuel,SF,WR,172.4,175.3,-2.9000000000000057,13.3,13.5,-0.2,13,56,66.44,632,594.1,2,4.224,232,178.1542,3,1.05
Brevin Jordan,HST,TE,26.8,46.5,-19.7,2.4,4.2,-1.8,11,14,19.33,128,220.65,0,0.8448,0,0.0,0,0.0
Logan Thomas,WAS,TE,77.3,101.7,-24.40000000000001,5.5,7.3,-1.7,14,39,39.99,323,411.14,1,3.4368,0,0.0,0,0.0
Kylin Hill,GB,RB,0.7,0.4,0.2999999999999999,0.7,0.4,0.3,1,0,0.0,0,0.0,0,0.0,7,3.6358,0,0.01
Noah Gray,KC,TE,70.0,63.4,6.600000000000001,4.1,3.7,0.4,17,28,25.88,299,252.4,1,1.536,1,1.0,1,0.49
James Proche,BLT,WR,14.2,29.0,-14.8,1.0,2.1,-1.1,14,8,11.56,62,148.27,0,0.4416,0,0.0,0,0.0
Tim Jones,JAX,WR,6.0,6.5,-0.5,0.4,0.4,0.0,16,3,3.4,30,26.04,0,0.0864,0,0.0,0,0.0
Julius Chestnut,TEN,RB,8.3,8.9,-0.5999999999999996,2.1,2.2,-0.1,4,3,2.55,41,19.29,0,0.0,12,38.2494,0,0.1
Jesper Horsted,LV,TE,4.9,4.8,0.1000000000000005,0.6,0.6,0.0,8,3,2.48,19,23.43,0,0.0,0,0.0,0,0.0
Brandon Bolden,LV,RB,27.3,25.0,2.3000000000000007,2.7,2.5,0.2,10,9,7.15,57,58.19,1,0.192,66,66.297,0,0.7
Corey Clement,ARZ,RB,21.9,22.0,-0.1000000000000014,5.5,5.5,0.0,4,5,6.15,54,41.48,0,0.0096,55,59.9862,1,0.94
Marquise Goodwin,SEA,WR,90.2,69.8,20.40000000000001,6.9,5.4,1.6,13,27,24.45,387,300.18,4,2.3904,5,8.6632,0,0.02
Jakob Johnson,LV,RB,6.0,8.3,-2.3000000000000007,0.4,0.5,-0.1,17,5,4.83,10,34.34,0,0.0,0,0.0,0,0.0
Danny Gray,SF,WR,2.9,12.6,-9.7,0.2,1.0,-0.7,13,1,3.16,10,72.02,0,0.288,9,4.753,0,0.01
DeVante Parker,NE,WR,103.0,88.7,14.299999999999995,7.9,6.8,1.1,13,31,25.56,540,427.28,3,3.3984,0,0.0,0,0.0
John Bates,WAS,TE,30.8,37.8,-6.9999999999999964,1.9,2.4,-0.4,16,14,15.26,108,158.89,1,1.1136,0,0.0,0,0.0
Reggie Bonnafon,WAS,RB,0.8,1.3,-0.5,0.8,1.3,-0.5,1,0,0.0,0,0.0,0,0.0,8,12.8086,0,0.0
Amon-Ra St. Brown,DET,WR,267.6,256.6,11.0,16.7,16.0,0.7,16,106,102.38,1161,1066.31,6,7.2576,95,33.2318,0,0.12
Zonovan Knight,NYJ,RB,59.0,69.3,-10.299999999999995,8.4,9.9,-1.5,7,13,12.58,100,75.35,0,0.3264,300,363.8352,1,1.8
Kevin White,NO,WR,9.4,9.4,0.0,1.3,1.3,0.0,7,2,3.16,74,52.45,0,0.1728,0,0.0,0,0.0
Josh Gordon,TEN,WR,0.0,2.0,-2.0,0.0,1.0,-1.0,2,0,0.74,0,12.9,0,0.0,0,0.0,0,0.0
Najee Harris,PIT,RB,227.7,253.8,-26.100000000000023,13.4,14.9,-1.5,17,41,42.5,229,313.87,3,2.4384,1038,1163.5752,7,8.15
Jalen Camp,HST,WR,1.7,0.9,0.7999999999999999,0.8,0.5,0.4,2,1,0.48,7,3.86,0,0.0,0,0.0,0,0.0
Skyy Moore,KC,WR,49.4,56.1,-6.700000000000003,3.1,3.5,-0.4,16,22,22.75,250,270.1,0,0.6624,24,11.025,0,0.21
Cade Otton,TB,TE,93.1,122.3,-29.200000000000003,5.8,7.6,-1.8,16,42,46.94,391,443.96,2,5.1648,0,0.0,0,0.0
Jakobi Meyers,NE,WR,182.2,159.1,23.099999999999994,13.0,11.4,1.6,14,67,61.68,803,795.75,6,2.832,-11,8.3692,0,0.0
Maurice Alexander,DET,WR,1.7,1.6,0.0999999999999998,0.4,0.4,0.0,4,1,0.85,7,7.0,0,0.0096,0,0.0,0,0.0
Justin Jackson,DET,RB,51.1,54.0,-2.8999999999999986,3.9,4.2,-0.2,13,12,14.23,101,99.66,1,1.008,170,182.5348,1,0.91
J.K. Dobbins,BLT,RB,81.2,70.2,11.0,10.2,8.8,1.4,8,7,6.74,42,44.56,1,0.7008,520,397.5374,2,2.5
Patrick Taylor Jr.,GB,RB,5.8,6.9,-1.1000000000000003,1.2,1.4,-0.2,5,1,0.91,17,5.84,0,0.0,31,42.8554,0,0.19
Tyreek Hill,MIA,WR,341.2,308.1,33.099999999999966,20.1,18.1,1.9,17,119,111.17,1710,1640.24,7,4.992,32,20.1586,1,0.16
Dameon Pierce,HST,RB,170.4,187.1,-16.69999999999999,13.1,14.4,-1.3,13,30,31.65,165,226.87,1,0.576,939,929.9036,4,6.06
James Mitchell,DET,TE,28.3,21.7,6.600000000000001,2.0,1.6,0.5,14,11,8.62,113,83.2,1,0.7872,0,0.0,0,0.0
Brock Wright,DET,TE,63.6,46.2,17.4,3.7,2.7,1.0,17,18,18.3,216,155.71,4,2.0544,0,0.0,0,0.0
Alvin Kamara,NO,RB,219.7,235.3,-15.600000000000025,14.6,15.7,-1.0,15,57,58.83,490,432.99,2,2.4384,897,971.376,2,3.57
Tommy Tremble,CAR,TE,54.4,66.9,-12.500000000000009,3.2,3.9,-0.7,17,19,21.44,174,241.82,3,3.5424,0,0.0,0,0.0
Ross Dwelley,SF,TE,19.5,7.2,12.3,1.9,0.7,1.2,10,3,2.73,105,41.38,1,0.048,0,0.0,0,0.0
Mason Kinsey,TEN,WR,1.3,1.7,-0.3999999999999999,1.3,1.7,-0.4,1,1,0.82,3,6.91,0,0.0288,0,0.0,0,0.0
Tutu Atwell,LA,WR,63.2,67.8,-4.599999999999994,4.9,5.2,-0.4,13,18,19.06,298,328.79,1,1.8624,34,35.819,1,0.18
Ty Montgomery,NE,RB,10.3,8.7,1.6000000000000014,10.3,8.7,1.6,1,3,3.23,15,26.1,1,0.3072,-2,9.5354,0,0.01
Jordan Wilkins,IND,RB,14.7,19.1,-4.400000000000002,3.7,4.8,-1.1,4,6,6.76,29,32.04,0,0.384,58,54.4684,0,0.23
Tyron Johnson,HST,WR,1.8,1.6,0.1999999999999999,0.5,0.4,0.0,4,1,0.9,8,5.61,0,0.0288,0,0.0,0,0.0
Reggie Gilliam,BUF,RB,20.9,18.5,2.3999999999999986,1.4,1.2,0.2,15,8,7.44,69,73.25,1,0.624,0,0.0,0,0.0
K.J. Hamler,DEN,WR,25.8,28.1,-2.3000000000000007,3.7,4.0,-0.3,7,7,7.48,165,153.91,0,0.6912,23,8.6142,0,0.03
Josh Ali,ATL,WR,0.0,1.9,-1.9,0.0,0.9,-0.9,2,0,0.28,0,14.2,0,0.0288,0,0.0,0,0.0
DeVonta Smith,PHI,WR,256.6,225.2,31.40000000000004,15.1,13.2,1.8,17,95,88.81,1196,1067.14,7,4.944,0,0.0,0,0.0
D.J. Moore,CAR,WR,199.1,202.8,-3.700000000000017,11.7,11.9,-0.2,17,63,67.29,888,979.2,7,5.6736,53,30.2428,0,0.08
C.J. Uzomah,NYJ,TE,56.2,44.5,11.700000000000005,3.7,3.0,0.8,15,21,18.82,232,198.46,2,0.9696,0,0.0,0,0.0
Cole Turner,WAS,TE,4.3,11.4,-7.1000000000000005,0.4,1.1,-0.7,10,2,4.2,23,43.66,0,0.48,0,0.0,0,0.0
Hassan Haskins,TEN,RB,26.0,29.5,-3.5,1.9,2.1,-0.3,14,11,10.25,57,70.0,0,0.0768,93,109.7894,0,0.14
Jalen Virgil,DEN,WR,15.5,7.5,8.0,1.7,0.8,0.9,9,2,2.12,75,35.12,1,0.3168,0,0.0,0,0.0
Trenton Irwin,CIN,WR,63.2,45.3,17.900000000000006,7.0,5.0,2.0,9,15,12.81,231,171.64,4,2.4768,11,4.606,0,0.0
Tee Higgins,CIN,WR,218.9,183.8,35.099999999999994,13.7,11.5,2.2,16,74,65.62,1029,872.9,7,5.1456,0,0.0,0,0.0
Khari Blasingame,CHI,RB,0.0,1.6,-1.6,0.0,0.1,-0.1,16,0,0.91,0,6.99,0,0.0,0,0.0,0,0.0
Kendall Blanton,LA,TE,5.5,3.4,2.1,1.4,0.8,0.5,4,2,1.61,35,18.24,0,0.0,0,0.0,0,0.0
Foster Moreau,LV,TE,87.5,85.8,1.7000000000000028,5.8,5.7,0.1,15,33,34.26,420,405.72,2,1.824,5,0.0,0,0.0
Andrew Beck,DEN,RB,11.9,16.6,-4.700000000000001,0.9,1.3,-0.4,13,5,7.63,69,67.36,0,0.24,0,7.6244,0,0.01
Travis Homer,SEA,RB,45.1,38.6,6.5,4.5,3.9,0.7,10,16,14.13,157,117.05,1,0.24,74,82.3886,0,0.51
Damiere Byrd,ATL,WR,51.8,41.8,10.0,3.7,3.0,0.7,14,13,13.21,268,262.28,2,0.3936,0,0.0,0,0.0
Deven Thompkins,TB,WR,10.8,16.8,-6.0,2.7,4.2,-1.5,4,5,6.9,32,70.87,0,0.3072,26,9.555,0,0.0
Gunner Olszewski,PIT,WR,14.2,13.6,0.5999999999999996,0.9,0.9,0.0,15,5,3.83,53,41.71,0,0.3168,39,36.1816,0,0.02
James Cook,BUF,RB,107.8,100.9,6.899999999999992,6.7,6.3,0.4,16,21,25.92,180,200.26,1,1.392,508,382.5822,2,1.39
Giovanni Ricci,CAR,TE,18.0,14.2,3.8000000000000007,1.2,0.9,0.3,15,8,6.78,100,73.37,0,0.0096,0,0.0,0,0.0
Leonard Fournette,TB,RB,228.2,247.1,-18.90000000000001,14.3,15.4,-1.2,16,73,68.44,523,457.89,3,2.2944,669,781.7378,3,6.82
Jason Moore,LAC,WR,1.5,5.1,-3.6,0.3,0.8,-0.6,6,1,1.22,5,15.6,0,0.3936,0,0.0,0,0.0
Dwayne Washington,NO,RB,5.5,6.8,-1.2999999999999998,0.6,0.7,-0.1,10,1,0.86,7,6.85,0,0.0,38,45.9914,0,0.11
Tanner Gentry,BUF,WR,0.0,1.5,-1.5,0.0,0.5,-0.5,3,0,0.74,0,7.98,0,0.0,0,0.0,0,0.0
A.J. Dillon,GB,RB,167.5,179.6,-12.099999999999994,9.9,10.6,-0.7,17,28,33.07,206,224.81,0,1.1808,769,771.0366,7,6.65
Cameron Brate,TB,TE,37.4,62.3,-24.9,3.4,5.7,-2.3,11,20,24.93,174,258.28,0,1.9296,0,0.0,0,0.0
Ashton Dulin,IND,WR,42.5,35.6,6.899999999999999,3.5,3.0,0.6,12,15,11.06,207,155.93,1,1.344,8,7.8694,0,0.02
Kyren Williams,LA,RB,30.5,33.7,-3.200000000000003,3.8,4.2,-0.4,8,9,9.35,76,70.09,0,0.144,139,158.417,0,0.11
Jerick McKinnon,KC,RB,195.3,172.2,23.100000000000023,11.5,10.1,1.4,17,55,56.62,513,384.06,9,4.7808,290,293.109,1,3.2
Darnell Mooney,CHI,WR,101.5,108.1,-6.599999999999994,8.5,9.0,-0.5,12,40,37.65,493,512.57,2,3.2064,2,0.0,0,0.0
Tyler Davis,GB,TE,6.6,7.3,-0.7000000000000002,0.4,0.4,0.0,17,4,3.71,26,28.72,0,0.1248,0,0.0,0,0.0
Kylen Granson,IND,TE,61.2,63.3,-2.0999999999999943,4.7,4.9,-0.2,13,31,28.69,302,298.56,0,0.72,0,4.0082,0,0.0
D'Wayne Eskridge,SEA,WR,13.8,19.6,-5.800000000000001,1.5,2.2,-0.6,9,7,9.44,58,86.53,0,0.096,10,9.261,0,0.0
Nick Westbrook-Ikhine,TEN,WR,82.7,75.0,7.700000000000003,4.9,4.4,0.5,17,25,25.19,397,335.3,3,2.7088,0,0.0,0,0.0
Jalen Guyton,LAC,WR,8.4,8.5,-0.0999999999999996,2.8,2.8,0.0,3,2,1.78,64,46.05,0,0.3456,0,0.0,0,0.0
Chris Godwin,TB,WR,224.8,227.4,-2.5999999999999943,15.0,15.2,-0.2,15,104,99.63,1023,1000.65,3,4.5312,5,4.7824,0,0.0
Samori Toure,GB,WR,19.2,16.7,2.5,1.7,1.5,0.2,11,5,4.76,82,82.22,1,0.6144,0,0.0,0,0.0
Geoff Swaim,TEN,TE,23.8,29.8,-6.0,1.4,1.8,-0.4,17,12,12.38,58,86.26,1,1.4688,0,0.0,0,0.0
Curtis Samuel,WAS,WR,178.2,170.4,7.799999999999983,10.5,10.0,0.5,17,64,62.21,655,639.4,4,4.0896,187,166.7078,1,0.5
Steven Sims,PIT,WR,31.4,41.2,-9.800000000000004,2.6,3.4,-0.8,12,14,16.17,104,154.51,0,0.5376,70,60.0936,0,0.05
Jaylen Waddle,MIA,WR,261.2,219.8,41.39999999999998,15.4,12.9,2.4,17,75,75.04,1356,1095.64,8,5.6272,26,12.4264,0,0.04
Brandon Johnson,DEN,WR,16.2,24.2,-8.0,2.3,3.5,-1.1,7,6,7.15,42,106.44,1,1.0656,0,0.0,0,0.0
Stefon Diggs,BUF,WR,316.6,293.5,23.100000000000023,19.8,18.3,1.4,16,108,98.52,1429,1285.78,11,11.0608,-3,0.0,0,0.0
Zay Jones,JAX,WR,196.1,220.7,-24.599999999999994,12.3,13.8,-1.5,16,82,80.06,823,898.93,5,7.8048,18,15.4742,0,0.39
D'Andre Swift,DET,RB,189.1,169.6,19.5,13.5,12.1,1.4,14,48,52.95,389,355.67,3,2.7264,542,416.491,5,3.85
Malcolm Brown,LA,RB,22.8,25.3,-2.5,2.5,2.8,-0.3,9,5,4.76,37,27.93,0,0.5184,81,68.3358,1,1.3
Zach Ertz,ARZ,TE,111.6,129.6,-18.0,11.2,13.0,-1.8,10,47,46.33,406,505.65,4,5.4448,0,0.0,0,0.0
Drew Sample,CIN,TE,1.8,4.1,-2.3,0.9,2.0,-1.1,2,2,1.76,-2,11.44,0,0.2016,0,0.0,0,0.0
Zach Gentry,PIT,TE,32.2,38.2,-6.0,1.9,2.2,-0.4,17,19,17.95,132,153.79,0,0.816,0,0.0,0,0.0
Ezekiel Elliott,DAL,RB,185.8,189.5,-3.6999999999999886,12.4,12.6,-0.2,15,17,19.18,92,131.02,0,0.4032,876,953.6902,12,9.9
D.K. Metcalf,SEA,WR,230.8,256.7,-25.899999999999977,13.6,15.1,-1.5,17,90,84.02,1048,1097.53,6,10.4944,0,0.0,0,0.0
JuJu Smith-Schuster,KC,WR,189.3,171.8,17.5,11.8,10.7,1.1,16,78,70.5,933,755.78,3,4.2816,0,0.0,0,0.0
Darius Slayton,NYG,WR,130.4,124.0,6.400000000000006,8.2,7.8,0.4,16,46,45.59,724,669.41,2,1.9104,0,0.0,0,0.0
Noah Fant,SEA,TE,122.6,117.6,5.0,7.2,6.9,0.3,17,50,45.81,486,477.55,4,4.0128,0,0.0,0,0.0
Dyami Brown,WAS,WR,32.8,24.9,7.899999999999999,2.2,1.7,0.5,15,5,5.57,143,149.91,2,0.6336,15,4.8804,0,0.0
Dalton Schultz,DAL,TE,144.7,165.7,-21.0,9.6,11.0,-1.4,15,57,60.24,577,644.01,5,6.8352,0,0.0,0,0.0
Equanimeous St. Brown,CHI,WR,64.7,68.9,-4.200000000000003,4.0,4.3,-0.3,16,21,23.6,323,338.2,1,1.5168,54,22.8536,0,0.02
Jarvis Landry,NO,WR,58.2,68.9,-10.700000000000005,6.5,7.7,-1.2,9,25,24.46,272,283.49,1,2.688,0,0.0,0,0.0
Cole Kmet,CHI,TE,147.3,136.8,10.5,8.7,8.0,0.6,17,50,51.26,544,577.9,7,4.4736,9,8.6926,0,0.0
Jordan Akins,HST,TE,116.5,86.6,29.90000000000001,7.8,5.8,2.0,15,37,33.57,495,341.85,5,3.1392,0,0.0,0,0.0
Amari Rodgers,HST,WR,43.1,40.6,2.5,3.1,2.9,0.2,14,16,15.22,204,196.37,1,0.7968,7,9.5354,0,0.0
Sony Michel,LAC,RB,24.9,42.4,-17.5,2.5,4.2,-1.8,10,9,11.34,53,92.18,0,0.0,106,147.1768,0,1.19
Laquon Treadwell,SEA,WR,10.2,13.4,-3.200000000000001,1.7,2.2,-0.5,6,6,5.64,42,49.11,0,0.4704,0,0.0,0,0.0
Mack Hollins,LV,WR,154.8,167.6,-12.799999999999985,9.1,9.9,-0.8,17,57,57.28,690,795.34,4,4.8096,48,18.0026,0,0.02
Romeo Doubs,GB,WR,103.6,110.1,-6.5,8.0,8.5,-0.5,13,42,43.46,425,510.34,3,2.5056,11,4.0866,0,0.02
Keaontay Ingram,ARZ,RB,18.5,23.6,-5.100000000000001,1.9,2.4,-0.5,10,4,4.6,21,26.84,0,0.1248,64,107.0944,1,0.81
J.D. McKissic,WAS,RB,53.8,75.5,-21.700000000000003,6.7,9.4,-2.7,8,27,32.12,173,237.06,0,1.488,95,98.8722,0,0.15
Eno Benjamin,NO,RB,87.5,92.0,-4.5,6.3,6.6,-0.3,14,25,26.23,193,157.22,0,0.864,312,325.458,2,2.05
Keenan Allen,LAC,WR,168.4,163.0,5.400000000000006,16.8,16.3,0.5,10,66,59.04,776,684.97,4,5.904,8,0.0,0,0.0
Saquon Barkley,NYG,RB,282.0,287.0,-5.0,17.6,17.9,-0.3,16,57,62.43,338,420.5,0,0.6336,1312,1261.222,10,8.76
Richie James Jr.,NYG,WR,138.5,117.2,21.3,9.2,7.8,1.4,15,57,49.03,569,540.77,4,2.1984,6,9.506,0,0.0
Matt Breida,NYG,RB,59.8,67.2,-7.400000000000006,3.5,4.0,-0.4,17,20,19.26,118,153.33,0,0.1728,220,228.6732,1,1.45
Cam Akers,LA,RB,145.3,141.1,4.200000000000017,9.7,9.4,0.3,15,13,13.86,117,92.78,0,1.0176,786,791.8608,7,5.45
Elijah Moore,NYJ,WR,88.1,107.1,-19.0,5.5,6.7,-1.2,16,37,37.39,446,556.35,1,2.1216,5,12.1226,0,0.02
Josiah Deguara,GB,TE,24.4,24.7,-0.3000000000000007,1.4,1.5,0.0,17,13,12.45,114,116.63,0,0.096,0,0.0,0,0.0
Godwin Igwebuike,SEA,RB,1.7,3.3,-1.6,0.8,1.6,-0.8,2,1,0.78,3,4.95,0,0.0768,4,11.8678,0,0.07
Tre'Quan Smith,NO,WR,52.8,46.7,6.099999999999994,3.5,3.1,0.4,15,19,16.14,278,227.46,1,1.3056,0,0.0,0,0.0
Donovan Peoples-Jones,CLV,WR,163.1,170.9,-7.800000000000011,9.6,10.1,-0.5,17,61,58.04,839,807.51,3,5.2704,2,4.3022,0,0.01
Olamide Zaccheaus,ATL,WR,112.0,119.7,-7.700000000000003,6.6,7.0,-0.5,17,40,41.54,533,591.67,3,2.9952,7,9.4668,0,0.01
Michael Thomas,NO,WR,51.1,39.2,11.9,17.0,13.1,4.0,3,16,13.17,171,169.44,3,1.5168,0,0.0,0,0.0
Anthony Schwartz,CLV,WR,20.8,18.3,2.5,2.1,1.8,0.3,10,4,6.65,51,96.48,0,0.0,57,18.473,1,0.02
Tanner Conner,MIA,TE,0.0,3.4,-3.4,0.0,0.4,-0.4,8,0,1.59,0,18.53,0,0.0,0,0.0,0,0.0
Pharoh Cooper,ARZ,WR,4.1,4.7,-0.6000000000000005,1.4,1.6,-0.2,3,2,1.82,6,8.67,0,0.0,15,18.4828,0,0.03
Jaelon Darden,CLV,WR,4.8,4.1,0.7000000000000002,0.6,0.5,0.1,8,2,1.64,26,19.21,0,0.0096,2,4.4786,0,0.0
A.J. Green,ARZ,WR,59.6,80.6,-21.0,4.0,5.4,-1.4,15,24,27.77,236,363.13,2,2.7552,0,0.0,0,0.0
CeeDee Lamb,DAL,WR,301.6,275.8,25.80000000000001,17.7,16.2,1.5,17,107,100.86,1359,1306.86,9,6.6816,47,39.0432,0,0.05
Grant Calcaterra,PHI,TE,13.1,17.1,-4.000000000000002,0.9,1.2,-0.3,14,5,5.56,81,70.76,0,0.7488,0,0.0,0,0.0
Christian Watson,GB,WR,164.1,133.7,30.40000000000001,11.7,9.5,2.2,14,41,40.16,611,558.55,7,5.6656,80,30.2526,2,0.11
Jalen Tolbert,DAL,WR,3.2,4.5,-1.2999999999999998,0.5,0.6,-0.2,7,2,1.53,12,24.15,0,0.096,0,0.0,0,0.0
C.J. Board,TEN,WR,1.6,1.4,0.2000000000000001,1.6,1.4,0.2,1,1,0.72,6,6.44,0,0.0,0,0.0,0,0.0
Gus Edwards,BLT,RB,61.3,52.3,9.0,6.8,5.8,1.0,9,0,0.8,0,6.44,0,0.0384,433,358.965,3,2.46
Keke Coutee,IND,WR,3.0,1.9,1.1,1.5,0.9,0.6,2,1,0.77,20,11.68,0,0.0,0,0.0,0,0.0
Ray-Ray McCloud III,SF,WR,58.1,39.7,18.4,3.4,2.3,1.1,17,14,13.51,243,198.33,1,0.7392,78,17.9928,1,0.02
Mecole Hardman,KC,WR,93.8,70.7,23.099999999999994,11.7,8.8,2.9,8,25,22.72,297,236.21,4,3.3984,31,13.1418,2,0.44
Craig Reynolds,DET,RB,30.8,27.2,3.6000000000000014,4.4,3.9,0.5,7,9,8.6,116,69.62,0,0.0096,102,103.3116,0,0.21
Richard Rodgers,LAC,TE,1.4,5.8,-4.4,0.1,0.6,-0.4,10,1,1.48,4,6.81,0,0.6048,0,0.0,0,0.0
Rondale Moore,ARZ,WR,87.9,95.6,-7.699999999999989,11.0,11.9,-1.0,8,41,41.76,414,394.1,1,2.0256,-5,15.0136,0,0.13
Kendrick Bourne,NE,WR,88.3,87.3,1.0,5.5,5.5,0.1,16,35,32.71,434,421.27,1,1.5936,39,24.6078,0,0.07
Chris Myarick,NYG,TE,19.5,16.5,3.0,1.3,1.1,0.2,15,7,6.26,65,47.93,1,0.912,0,0.0,0,0.0
Cam Sims,WAS,WR,16.9,30.9,-14.0,1.0,1.8,-0.8,17,8,10.11,89,144.21,0,1.0656,0,0.0,0,0.0
Marvin Jones Jr.,JAX,WR,116.9,149.9,-33.0,7.3,9.4,-2.1,16,46,47.5,529,726.49,3,4.9536,0,0.0,0,0.0
Van Jefferson,LA,WR,78.9,90.2,-11.299999999999995,7.2,8.2,-1.0,11,24,26.93,369,480.32,3,2.5344,0,0.0,0,0.0
Giovani Bernard,TB,RB,4.7,7.4,-2.7,2.4,3.7,-1.4,2,2,1.86,-1,10.4,0,0.0,28,33.4572,0,0.2
John Brown,BUF,WR,11.2,5.2,5.999999999999999,3.7,1.7,2.0,3,1,0.58,42,24.92,1,0.3552,0,0.0,0,0.0
Montrell Washington,DEN,WR,7.2,22.3,-15.1,0.5,1.6,-1.1,14,4,6.09,2,95.19,0,0.5184,30,20.0508,0,0.27
Tyquan Thornton,NE,WR,66.3,86.3,-20.0,5.1,6.6,-1.5,13,22,26.15,247,394.96,2,2.928,16,11.221,1,0.32
Deon Jackson,IND,RB,86.5,90.2,-3.700000000000003,6.7,6.9,-0.3,13,30,29.67,209,202.48,1,0.8064,236,296.0972,1,0.98
Tanner Hudson,NYG,TE,23.2,22.3,0.8999999999999986,2.1,2.0,0.1,11,10,10.38,132,113.9,0,0.096,0,0.0,0,0.0
Tyler Boyd,CIN,WR,164.2,144.3,19.899999999999977,10.3,9.0,1.2,16,58,52.99,762,659.83,5,4.2144,0,0.0,0,0.0
Trey Sermon,PHI,RB,1.9,1.0,0.8999999999999999,0.9,0.5,0.4,2,0,0.0,0,0.0,0,0.0,19,8.5358,0,0.02
Chase Edmonds,DEN,RB,74.2,77.1,-2.8999999999999915,5.7,5.9,-0.2,13,16,18.29,157,146.93,1,1.0752,245,296.47,2,1.33
Donald Parham,LAC,TE,29.0,25.0,4.0,4.8,4.2,0.7,6,10,7.98,130,110.61,1,0.9888,0,0.0,0,0.0
Mark Ingram II,NO,RB,52.1,60.7,-8.600000000000001,5.2,6.1,-0.9,10,16,13.97,68,92.89,0,0.7776,233,264.9136,1,1.05
Sammy Watkins,BLT,WR,48.5,51.4,-2.8999999999999986,4.0,4.3,-0.2,12,16,16.93,325,251.54,0,1.5552,0,0.0,0,0.0
Isaiah Likely,BLT,TE,91.3,102.7,-11.400000000000006,5.7,6.4,-0.7,16,36,38.57,373,407.61,3,3.888,0,0.0,0,0.0
Shi Smith,CAR,WR,63.6,67.0,-3.3999999999999986,4.0,4.2,-0.2,16,22,25.35,296,288.47,2,2.1312,0,0.0,0,0.0
Chris Moore,HST,WR,115.1,123.3,-8.200000000000003,7.2,7.7,-0.5,16,48,47.6,548,566.21,2,3.1008,3,4.655,0,0.0
Chuba Hubbard,CAR,RB,89.8,76.2,13.599999999999994,6.0,5.1,0.9,15,14,13.53,171,97.76,0,0.1536,467,401.457,2,1.97
Jalen Nailor,MIN,WR,32.9,20.7,12.2,5.5,3.4,2.0,6,9,7.67,179,114.7,1,0.2592,0,0.0,0,0.0
Ko Kieft,TB,TE,21.0,19.7,1.3000000000000007,1.2,1.2,0.1,17,7,7.79,80,81.2,1,0.624,0,0.0,0,0.0
Trent Taylor,CIN,WR,13.7,19.3,-5.600000000000001,1.0,1.4,-0.4,14,6,7.71,62,76.87,0,0.0288,15,14.5628,0,0.38
Cody Hollister,TEN,WR,8.4,10.4,-2.0,0.8,0.9,-0.2,11,3,2.82,54,54.21,0,0.3552,0,0.0,0,0.0
Chosen Anderson,ARZ,WR,54.2,77.6,-23.39999999999999,3.4,4.8,-1.5,16,20,26.57,282,421.92,1,1.4784,0,0.0,0,0.0
Ke'Shawn Vaughn,TB,RB,10.2,13.3,-3.1000000000000014,1.7,2.2,-0.5,6,3,3.63,19,18.92,0,0.0,53,72.2358,0,0.1
Wan'Dale Robinson,NYG,WR,51.6,47.1,4.5,8.6,7.9,0.8,6,23,20.91,227,209.84,1,0.7008,-1,9.1728,0,0.01
Jonathan Taylor,IND,RB,152.4,168.3,-15.900000000000006,13.9,15.3,-1.4,11,28,30.38,143,179.94,0,0.7104,861,803.1794,4,5.89
Nelson Agholor,NE,WR,79.2,88.7,-9.5,5.0,5.5,-0.6,16,31,33.11,362,456.47,2,1.6512,0,0.0,0,0.0
Irv Smith Jr.,MIN,TE,55.2,59.8,-4.599999999999994,6.9,7.5,-0.6,8,25,25.14,182,221.08,2,2.0928,0,0.0,0,0.0
Sterling Shepard,NYG,WR,34.4,33.9,0.5,11.5,11.3,0.2,3,13,14.07,154,185.5,1,0.2208,0,0.0,0,0.0
Velus Jones Jr.,CHI,WR,40.1,26.5,13.6,3.6,2.4,1.2,11,7,6.97,107,115.53,1,0.5952,104,40.033,1,0.06
Peyton Hendershot,DAL,TE,39.5,29.0,10.5,2.3,1.7,0.6,17,11,10.03,103,101.33,2,0.9984,2,1.6366,1,0.44
Anthony Firkser,ATL,TE,19.0,20.8,-1.8000000000000007,1.7,1.9,-0.2,11,9,8.33,100,96.42,0,0.4704,0,0.0,0,0.0
Robert Woods,TEN,WR,117.7,141.8,-24.10000000000001,6.9,8.3,-1.4,17,53,55.44,527,639.29,2,3.744,0,0.0,0,0.0
Jaret Patterson,WAS,RB,7.8,13.6,-5.8,7.8,13.6,-5.8,1,0,0.83,0,8.4,0,0.0,78,68.4334,0,0.85
Avery Williams,ATL,RB,36.0,35.8,0.2000000000000028,2.4,2.4,0.0,15,13,12.47,61,71.35,0,0.6912,109,101.5966,1,0.31
Jahan Dotson,WAS,WR,128.6,105.3,23.3,10.7,8.8,1.9,12,35,32.26,523,484.96,7,3.936,-7,9.7412,0,0.0
Andy Isabella,BLT,WR,4.2,9.1,-4.9,0.8,1.8,-1.0,5,2,3.0,21,42.96,0,0.192,1,3.1066,0,0.06
Jonathan Williams,WAS,RB,26.2,34.7,-8.500000000000004,3.3,4.3,-1.1,8,7,8.85,40,55.94,0,0.048,152,157.339,0,0.7
Mike Gesicki,MIA,TE,98.2,101.4,-3.200000000000003,5.8,6.0,-0.2,17,32,32.47,362,390.76,5,4.9824,0,0.0,0,0.0
Larry Rountree III,LAC,RB,5.3,9.0,-3.7,1.8,3.0,-1.2,3,2,1.96,14,8.55,0,0.0,19,61.593,0,0.01
Denzel Mims,NYJ,WR,28.6,39.4,-10.799999999999995,2.9,3.9,-1.1,10,10,14.66,185,230.79,0,0.2784,1,0.0,0,0.0
Darren Waller,LV,TE,84.8,92.9,-8.100000000000009,9.4,10.3,-0.9,9,28,25.56,388,378.17,3,4.9152,0,0.0,0,0.0
Boston Scott,PHI,RB,46.2,44.2,2.0,3.1,2.9,0.1,15,5,5.47,15,32.93,0,0.0096,217,218.3444,3,2.26
Taysom Hill,NO,TE,128.1,84.3,43.8,8.0,5.3,2.7,16,9,8.61,76,81.9,2,1.2,575,391.0796,7,3.54
George Kittle,SF,TE,202.5,147.5,55.0,13.5,9.8,3.7,15,60,53.99,765,561.38,11,6.2304,0,0.0,0,0.0
Blake Bell,KC,TE,10.0,4.3,5.7,3.3,1.4,1.9,3,2,1.5,20,11.93,1,0.2688,0,0.0,0,0.0
Dalvin Cook,MIN,RB,246.9,254.1,-7.199999999999989,14.5,14.9,-0.4,17,39,42.42,295,276.47,2,2.2464,1184,1128.9722,8,9.61
Juwann Winfree,GB,WR,2.7,7.2,-4.5,0.9,2.4,-1.5,3,1,2.51,17,36.59,0,0.1728,0,0.0,0,0.0
Lawrence Cager,NYG,TE,30.8,31.0,-0.1999999999999993,4.4,4.4,0.0,7,13,13.8,118,147.11,1,0.4224,0,0.0,0,0.0
DeAndre Carter,LAC,WR,116.3,120.6,-4.299999999999997,6.8,7.1,-0.3,17,46,43.46,538,513.42,3,4.1376,-15,8.9572,0,0.01
James Conner,ARZ,RB,202.3,193.1,9.200000000000015,15.6,14.9,0.7,13,46,49.45,301,317.43,1,1.0656,782,760.9606,7,4.91
Tyrie Cleveland,DEN,WR,4.8,14.3,-9.5,1.2,3.6,-2.4,4,2,3.97,28,46.11,0,0.9504,0,0.0,0,0.0
Travis Kelce,KC,TE,316.3,292.6,23.69999999999999,18.6,17.2,1.4,17,110,107.65,1338,1164.91,12,11.2048,5,3.234,0,0.15
Trestan Ebner,CHI,RB,8.2,27.3,-19.1,0.6,1.9,-1.4,14,2,6.11,8,39.93,0,0.0288,54,99.7738,0,1.18
Darrynton Evans,CHI,RB,10.7,8.4,2.299999999999999,2.7,2.1,0.6,4,1,0.86,33,8.65,0,0.0,64,63.0532,0,0.06
Quintez Cephus,DET,WR,3.5,4.9,-1.4000000000000004,0.9,1.2,-0.4,4,2,2.39,15,24.51,0,0.0096,0,0.0,0,0.0
Cade Johnson,SEA,WR,4.1,6.3,-2.2,1.4,2.1,-0.7,3,2,2.81,21,34.03,0,0.0096,0,0.0,0,0.0
Mike Evans,TB,WR,226.3,226.7,-0.3999999999999772,15.1,15.1,0.0,15,77,73.89,1133,1109.35,6,6.9792,0,0.0,0,0.0
Mike Davis,BLT,RB,4.2,11.4,-7.2,0.5,1.4,-0.9,8,2,1.83,4,10.67,0,0.0,18,26.823,0,0.97
Laviska Shenault Jr.,CAR,WR,72.7,51.4,21.300000000000004,5.6,4.0,1.6,13,27,27.79,272,186.17,1,0.5184,65,18.8552,1,0.0
Trevon Wesco,CHI,TE,4.6,7.2,-2.6000000000000005,0.3,0.5,-0.2,14,2,2.39,26,22.85,0,0.4128,0,0.0,0,0.0
Gerald Everett,LAC,TE,137.5,145.3,-7.800000000000011,8.6,9.1,-0.5,16,58,59.31,555,577.42,4,4.704,0,0.0,0,0.0
Ben Ellefson,MIN,TE,5.6,6.3,-0.7000000000000002,1.4,1.6,-0.2,4,3,2.39,26,25.82,0,0.2208,0,0.0,0,0.0
Charlie Woerner,SF,TE,0.0,3.6,-3.6,0.0,0.2,-0.2,17,0,1.05,0,25.54,0,0.0,0,0.0,0,0.0
D'Ernest Johnson,CLV,RB,5.4,6.4,-1.0,0.9,1.1,-0.2,6,3,2.64,7,19.07,0,0.0,17,15.7094,0,0.05
Evan Engram,JAX,TE,174.9,167.3,7.599999999999994,10.3,9.8,0.4,17,73,70.4,766,712.77,4,3.9168,13,6.4582,0,0.25
Austin Ekeler,LAC,RB,377.4,346.3,31.09999999999997,22.2,20.4,1.8,17,107,105.95,709,661.07,5,6.9136,915,820.732,13,8.45
David Bell,CLV,WR,45.4,48.0,-2.6000000000000014,2.8,3.0,-0.2,16,24,22.59,214,234.19,0,0.3264,0,0.0,0,0.0
Tyler Lockett,SEA,WR,241.3,198.2,43.10000000000002,15.1,12.4,2.7,16,84,71.65,1033,920.56,9,5.7504,0,0.0,0,0.0
Rashod Bateman,BLT,WR,55.5,51.0,4.5,9.3,8.5,0.8,6,15,18.74,285,256.93,2,1.0944,0,0.0,0,0.0
Tyrion Davis-Price,SF,RB,9.9,25.2,-15.3,1.7,4.2,-2.5,6,0,1.77,0,13.19,0,0.0,99,135.2502,0,1.43
Will Dissly,SEA,TE,86.9,68.5,18.40000000000001,5.8,4.6,1.2,15,34,29.42,349,302.35,3,1.4784,0,0.0,0,0.0
KaVontae Turpin,DAL,WR,3.6,3.4,0.2000000000000001,0.2,0.2,0.0,16,1,0.83,9,8.45,0,0.0,17,12.6224,0,0.08
Jeff Wilson Jr.,MIA,RB,162.5,166.4,-3.9000000000000057,10.2,10.4,-0.2,16,22,28.97,185,224.02,1,1.0848,860,739.7052,5,5.75
Miles Boykin,PIT,WR,3.1,4.6,-1.4999999999999996,0.2,0.3,-0.1,14,2,1.68,11,24.71,0,0.0672,0,0.0,0,0.0
Rex Burkhead,HST,RB,71.4,98.5,-27.099999999999994,4.5,6.2,-1.7,16,37,39.26,204,278.06,1,2.2752,80,105.8404,0,1.2
Trayveon Williams,CIN,RB,8.0,6.2,1.7999999999999998,1.6,1.2,0.4,5,2,1.31,30,16.12,0,0.048,30,25.9014,0,0.06
Courtland Sutton,DEN,WR,159.5,188.7,-29.19999999999999,10.6,12.6,-1.9,15,64,62.33,830,867.74,2,6.5104,5,4.5178,0,0.01
Austin Trammell,LA,WR,3.3,5.5,-2.2,0.5,0.9,-0.4,6,2,2.71,13,28.13,0,0.0,0,0.0,0,0.0
Raheem Blackshear,CAR,RB,45.0,36.3,8.700000000000003,4.1,3.3,0.8,11,10,10.67,93,63.75,0,0.3456,77,87.2592,3,1.41
Penny Hart,SEA,WR,5.0,6.6,-1.5999999999999996,0.7,0.9,-0.2,7,3,2.52,20,23.98,0,0.2784,0,0.0,0,0.0
Andre Baccellia,ARZ,WR,11.5,16.6,-5.100000000000001,1.4,2.1,-0.6,8,7,6.65,45,76.87,0,0.384,0,0.0,0,0.0
Corey Davis,NYJ,WR,97.6,104.6,-7.0,7.5,8.0,-0.5,13,32,34.25,536,544.2,2,2.6592,0,0.0,0,0.0
Kenny Golladay,NYG,WR,20.1,30.1,-10.0,1.7,2.5,-0.8,12,6,10.47,81,127.87,1,1.1328,0,0.0,0,0.0
Tyler Mabry,SEA,TE,7.7,3.2,4.5,3.9,1.6,2.3,2,1,0.73,7,4.63,1,0.336,0,0.0,0,0.0
Ty Johnson,NYJ,RB,42.8,46.5,-3.700000000000003,3.9,4.2,-0.3,11,12,17.28,88,141.36,0,0.0288,160,133.9856,1,0.25
Mike Williams,LAC,WR,176.5,160.2,16.30000000000001,13.6,12.3,1.3,13,63,55.0,895,756.7,4,4.9248,0,0.0,0,0.0
Alec Pierce,IND,WR,112.3,124.7,-12.400000000000006,7.0,7.8,-0.8,16,41,45.47,593,627.08,2,2.7456,0,0.0,0,0.0
Byron Pringle,CHI,WR,35.5,27.1,8.399999999999999,3.2,2.5,0.8,11,10,8.12,135,127.47,2,1.0368,0,0.0,0,0.0
Josh Jacobs,LV,RB,330.3,296.2,34.10000000000002,19.4,17.4,2.0,17,53,52.51,400,404.75,0,0.8832,1653,1449.9418,12,8.82
Trey McBride,ARZ,TE,61.5,64.2,-2.700000000000003,4.1,4.3,-0.2,15,29,28.82,265,305.1,1,0.816,0,0.0,0,0.0
Chris Manhertz,JAX,TE,10.2,13.7,-3.5,0.6,0.8,-0.2,17,6,6.67,42,60.33,0,0.1728,0,0.0,0,0.0
Mason Schreck,HST,TE,2.6,2.6,0.0,0.9,0.9,0.0,3,2,1.34,6,12.22,0,0.0,0,0.0,0,0.0
Marcus Johnson,NYG,WR,18.9,39.1,-20.200000000000003,1.3,2.8,-1.4,14,9,12.71,99,157.94,0,1.7664,0,0.0,0,0.0
Ameer Abdullah,LV,RB,54.1,57.9,-3.799999999999997,3.6,3.9,-0.3,15,25,25.43,211,198.47,1,1.7376,20,14.406,0,0.13
Nyheim Hines,BUF,RB,69.4,80.2,-10.799999999999995,4.3,5.0,-0.7,16,30,28.77,241,220.59,1,1.728,33,96.2262,1,1.57
Samaje Perine,CIN,RB,142.1,132.3,9.799999999999985,8.9,8.3,0.6,16,38,40.52,287,262.84,4,1.9968,394,406.8764,2,2.14
Jake Kumerow,BUF,WR,10.4,12.4,-2.0,1.7,2.1,-0.3,6,4,5.03,64,69.63,0,0.0672,0,0.0,0,0.0
Ryan Griffin,CHI,TE,6.6,15.1,-8.5,0.4,1.0,-0.6,15,4,5.4,26,56.56,0,0.6816,0,0.0,0,0.0
Austin Hooper,TEN,TE,97.4,95.9,1.5,5.7,5.6,0.1,17,41,37.49,444,422.13,2,2.6976,0,0.0,0,0.0
Racey McMath,TEN,WR,6.4,14.6,-8.2,1.6,3.6,-2.0,4,2,2.97,40,73.21,0,0.6432,4,4.6354,0,0.0
Antonio Gibson,WAS,RB,165.9,191.0,-25.099999999999994,11.1,12.7,-1.7,15,46,46.34,353,331.35,2,1.9872,546,616.4612,3,6.32
Randall Cobb,GB,WR,81.7,90.1,-8.399999999999991,6.3,6.9,-0.6,13,34,32.82,417,401.98,1,2.8512,0,0.0,0,0.0
Tevin Coleman,SF,RB,22.0,15.3,6.699999999999999,7.3,5.1,2.2,3,3,2.25,44,23.12,1,0.2208,26,47.4516,1,0.78
MyCole Pruitt,ATL,TE,55.0,46.7,8.299999999999997,4.2,3.6,0.6,13,16,15.66,150,143.91,4,2.7744,0,0.0,0,0.0
Albert Okwuegbunam,DEN,TE,25.5,30.0,-4.5,3.2,3.8,-0.6,8,10,12.14,95,122.05,1,0.9408,0,0.0,0,0.0
Durham Smythe,MIA,TE,40.0,39.6,0.3999999999999986,2.5,2.5,0.0,16,15,14.77,129,141.55,1,1.2,1,3.3716,1,0.53
Kirk Merritt,NO,WR,0.0,1.7,-1.7,0.0,0.6,-0.6,3,0,0.38,0,9.06,0,0.0768,0,0.0,0,0.0
Gabriel Davis,BUF,WR,173.5,181.8,-8.300000000000011,11.6,12.1,-0.6,15,48,53.01,835,848.48,7,7.3248,0,0.0,0,0.0
Devine Ozigbo,DEN,RB,1.7,3.0,-1.3,0.6,1.0,-0.4,3,1,1.0,3,4.78,0,0.0,4,12.348,0,0.05
Jordan Mason,SF,RB,31.8,24.8,7.0,3.5,2.8,0.8,9,0,0.0,0,0.0,0,0.0,258,187.5724,1,1.0
Salvon Ahmed,MIA,RB,14.2,7.4,6.799999999999999,2.4,1.2,1.1,6,1,0.86,8,6.36,0,0.0,64,50.7934,1,0.14
Jaylen Warren,PIT,RB,93.3,92.9,0.3999999999999915,5.8,5.8,0.0,16,28,27.37,214,165.33,0,0.8256,379,327.1142,1,1.89
Adam Trautman,NO,TE,44.7,36.0,8.700000000000003,3.0,2.4,0.6,15,18,16.39,207,159.09,1,0.6144,0,0.0,0,0.0
Phillip Lindsay,IND,RB,12.8,17.2,-4.399999999999999,4.3,5.7,-1.5,3,6,5.47,19,45.05,0,0.0288,49,68.796,0,0.03
Darrel Williams,ARZ,RB,21.1,23.2,-2.099999999999998,4.2,4.6,-0.4,5,4,5.97,9,30.02,0,0.3072,102,85.6426,1,0.64
Josh Palmer,LAC,WR,167.2,167.6,-0.4000000000000057,10.4,10.5,0.0,16,72,66.07,768,749.21,3,4.368,4,3.675,0,0.0
Chris Olave,NO,WR,200.4,201.5,-1.0999999999999943,13.4,13.4,-0.1,15,72,68.57,1044,1088.43,4,4.0224,0,0.0,0,0.0
Braylon Sanders,MIA,WR,3.7,6.0,-2.3,1.2,2.0,-0.8,3,2,2.19,17,38.0,0,0.0096,0,0.0,0,0.0
Scotty Miller,TB,WR,42.3,71.1,-28.8,3.0,5.1,-2.1,14,23,24.13,185,327.32,0,2.2944,8,4.5766,0,0.0
Cody White,PIT,WR,1.2,1.5,-0.3,1.2,1.5,-0.3,1,1,0.85,2,6.94,0,0.0,0,0.0,0,0.0
Kenneth Gainwell,PHI,RB,88.0,89.8,-1.7999999999999972,5.2,5.3,-0.1,17,23,23.46,170,172.48,0,0.8928,240,198.911,4,3.98
Isaiah Spiller,LAC,RB,8.4,12.9,-4.5,1.4,2.1,-0.8,6,3,2.8,13,16.14,0,0.0096,41,82.369,0,0.04
Isaiah Hodgins,NYG,WR,100.2,87.8,12.400000000000006,10.0,8.8,1.2,10,37,30.66,392,374.64,4,3.2736,0,0.0,0,0.0
Rashid Shaheed,NO,WR,100.4,60.8,39.60000000000001,8.4,5.1,3.3,12,28,23.38,487,318.32,2,0.6048,57,18.032,1,0.02
Devin Duvernay,BLT,WR,110.1,98.8,11.299999999999995,7.9,7.1,0.8,14,37,32.74,407,375.01,3,3.5904,84,46.0502,1,0.4
Justin Jefferson,MIN,WR,365.3,327.5,37.80000000000001,21.5,19.3,2.2,17,128,114.64,1809,1429.65,8,11.0976,24,9.3296,1,0.4
Keith Kirkwood,NO,WR,3.8,6.1,-2.3,0.8,1.2,-0.5,5,2,2.24,18,35.23,0,0.0576,0,0.0,0,0.0
Jerome Ford,CLV,RB,1.2,3.8,-2.6,0.6,1.9,-1.3,2,0,0.0,0,0.0,0,0.0,12,35.3388,0,0.04
Jordan Howard,NO,RB,0.1,0.5,-0.4,0.1,0.3,-0.2,2,0,0.0,0,0.0,0,0.0,1,4.655,0,0.0
David Sills,NYG,WR,21.6,32.7,-11.1,2.4,3.6,-1.2,9,11,12.81,106,161.38,0,0.624,0,0.0,0,0.0
James Robinson,NYJ,RB,88.6,93.2,-4.6000000000000085,8.1,8.5,-0.4,11,11,11.18,51,69.56,2,1.488,425,456.4154,3,3.41
Tyler Kroft,SF,TE,9.7,11.8,-2.1000000000000014,0.9,1.1,-0.2,11,4,4.3,57,63.01,0,0.192,0,0.0,0,0.0
Rachaad White,TB,RB,144.8,160.0,-15.199999999999989,8.5,9.4,-0.9,17,50,48.36,290,323.45,2,1.7568,478,557.3264,1,2.17
Isaiah McKenzie,BUF,WR,119.8,117.1,2.700000000000003,8.0,7.8,0.2,15,42,42.18,423,459.28,4,4.0032,55,33.5748,1,0.27
Rashaad Penny,SEA,RB,52.2,36.1,16.1,10.4,7.2,3.2,5,4,4.54,16,25.26,0,0.1824,346,253.2222,2,0.44
Keelan Cole,LV,WR,30.1,44.9,-14.799999999999995,2.1,3.2,-1.1,14,10,12.5,141,208.37,1,1.9216,0,0.0,0,0.0
Bryan Edwards,ATL,WR,4.5,13.7,-9.2,0.6,2.0,-1.3,7,3,3.37,15,29.73,0,1.2288,0,0.0,0,0.0
Dontrell Hilliard,TEN,RB,77.2,57.3,19.90000000000001,6.4,4.8,1.7,12,21,21.78,177,143.83,4,1.7376,145,101.92,0,0.08
Jason Cabinda,DET,RB,1.9,5.8,-3.9,0.2,0.7,-0.5,8,1,2.35,5,25.87,0,0.0768,4,3.3712,0,0.01
Kyle Juszczyk,SF,RB,53.6,47.1,6.5,3.4,2.9,0.4,16,19,17.95,200,153.61,1,0.9216,26,17.3664,1,1.08
Tyler Conklin,NYJ,TE,131.5,142.7,-11.199999999999989,7.7,8.4,-0.7,17,58,59.12,552,666.17,3,2.4,3,5.6252,0,0.33
Jack Stoll,PHI,TE,23.3,25.3,-2.0,1.4,1.5,-0.1,17,11,10.59,123,117.24,0,0.4992,0,0.0,0,0.0
Khalil Herbert,CHI,RB,117.9,94.2,23.700000000000003,9.1,7.2,1.8,13,9,9.7,57,51.97,1,0.1344,732,551.9858,4,3.88
Eric Saubert,DEN,TE,35.8,43.5,-7.700000000000003,2.1,2.6,-0.5,17,15,16.8,148,185.67,1,1.3536,0,0.0,0,0.0
Michael Carter,NYJ,RB,128.0,138.4,-10.400000000000006,8.0,8.7,-0.7,16,41,38.12,288,253.88,0,1.344,402,483.866,3,3.08
Kevin Harris,NE,RB,11.2,9.5,1.6999999999999993,2.2,1.9,0.3,5,0,0.0,0,0.0,0,0.0,52,80.3698,1,0.25
Tylan Wallace,BLT,WR,7.3,10.0,-2.7,0.9,1.3,-0.3,8,4,3.54,33,56.7,0,0.1344,0,0.0,0,0.0
Garrett Wilson,NYJ,WR,217.7,249.3,-31.600000000000023,12.8,14.7,-1.9,17,83,88.5,1103,1137.98,4,7.4896,4,17.3362,0,0.06
Quintin Morris,BUF,TE,22.4,18.3,4.099999999999998,1.6,1.3,0.3,14,8,6.16,84,57.55,1,1.056,0,0.0,0,0.0
Deonte Harty,NO,WR,3.3,3.0,0.2999999999999998,0.8,0.8,0.1,4,2,1.61,13,13.43,0,0.0,0,0.0,0,0.0
Joe Fortson,KC,TE,31.8,29.6,2.2,2.4,2.3,0.2,13,9,8.43,108,82.0,2,2.16,0,0.0,0,0.0
Tyler Higbee,LA,TE,152.0,184.9,-32.900000000000006,8.9,10.9,-1.9,17,72,81.03,620,667.16,3,6.1936,0,0.0,0,0.0
Amari Cooper,CLV,WR,248.0,231.7,16.30000000000001,14.6,13.6,1.0,17,78,74.03,1160,1036.1,9,9.0048,0,0.0,0,0.0
James Washington,DAL,WR,0.0,0.9,-0.9,0.0,0.5,-0.5,2,0,0.49,0,3.8,0,0.0,0,0.0,0,0.0
Jameson Williams,DET,WR,15.1,14.7,0.4000000000000003,2.5,2.4,0.1,6,1,4.48,41,79.77,1,0.288,40,4.8412,0,0.01
Julio Jones,TB,WR,70.4,85.5,-15.099999999999994,7.0,8.6,-1.5,10,24,25.64,299,369.62,2,3.4272,45,21.4228,0,0.03
Tom Kennedy,DET,WR,22.1,21.8,0.3000000000000007,3.2,3.1,0.0,7,8,9.1,141,117.83,0,0.1536,0,0.0,0,0.0
Teagan Quitoriano,HST,TE,30.3,28.2,2.1000000000000014,3.4,3.1,0.2,9,7,7.54,113,96.39,2,1.8432,0,0.0,0,0.0
Kadarius Toney,KC,WR,59.3,40.7,18.599999999999994,6.6,4.5,2.1,9,16,15.13,171,127.25,2,1.6128,82,24.7842,1,0.12
Greg Dortch,ARZ,WR,114.5,109.8,4.700000000000003,7.2,6.9,0.3,16,52,48.2,461,432.9,2,2.208,44,28.6454,0,0.37
Jamaal Williams,DET,RB,227.9,229.9,-2.0,13.4,13.5,-0.1,17,12,13.54,73,111.43,0,0.3744,1066,1045.9898,17,16.39
Mike Boone,DEN,RB,28.8,33.5,-4.699999999999999,3.2,3.7,-0.5,9,9,9.85,96,83.88,0,0.6144,102,108.3586,0,0.12
Anthony McFarland Jr.,PIT,RB,6.1,6.4,-0.3000000000000007,6.1,6.4,-0.3,1,2,1.79,11,12.29,0,0.0,30,24.3824,0,0.15
George Pickens,PIT,WR,164.5,148.2,16.30000000000001,9.7,8.7,1.0,17,52,47.05,801,753.56,4,3.6192,24,10.6432,1,0.5
Nick Bellore,SEA,RB,0.3,0.5,-0.2,0.0,0.1,0.0,8,0,0.0,0,0.0,0,0.0,3,3.4986,0,0.02
Chris Evans,CIN,RB,12.8,6.8,6.000000000000001,1.6,0.8,0.8,8,3,2.03,38,28.99,1,0.3168,0,0.0,0,0.0
Colby Parkinson,SEA,TE,69.2,58.8,10.400000000000006,4.1,3.5,0.6,17,25,22.45,322,259.8,2,1.728,0,0.0,0,0.0
Zach Pascal,PHI,WR,36.0,30.8,5.199999999999999,2.1,1.8,0.3,17,15,13.52,150,134.94,1,0.4128,0,1.9306,0,0.18
Jamal Agnew,JAX,WR,68.3,63.5,4.799999999999997,4.6,4.2,0.3,15,23,22.78,187,211.88,3,2.304,86,52.1654,0,0.09
Marcedes Lewis,GB,TE,24.6,20.0,4.600000000000001,1.4,1.2,0.3,17,6,4.88,66,46.05,2,1.7568,0,0.0,0,0.0
Royce Freeman,HST,RB,21.0,31.1,-10.1,5.3,7.8,-2.5,4,6,5.44,33,30.3,0,0.0672,117,175.1652,0,0.79
Darrell Henderson,JAX,RB,73.5,75.3,-1.7999999999999972,7.3,7.5,-0.2,10,17,17.38,102,124.8,0,0.4608,283,299.8604,3,2.12
Dareke Young,SEA,WR,4.4,2.9,1.5000000000000004,0.3,0.2,0.1,13,2,1.7,24,11.7,0,0.0,0,0.0,0,0.0
Marquez Valdes-Scantling,KC,WR,122.4,147.3,-24.90000000000001,7.2,8.7,-1.5,17,42,47.02,687,725.98,2,4.5312,-3,4.7726,0,0.01
C.J. Ham,MIN,RB,31.3,29.8,1.5,1.8,1.8,0.1,17,10,9.33,86,88.46,0,0.8832,7,11.1234,2,0.87
Dennis Houston,DAL,WR,3.6,8.4,-4.800000000000001,1.8,4.2,-2.4,2,2,3.14,16,40.59,0,0.192,0,0.0,0,0.0
Stephen Anderson,ARZ,TE,3.9,12.5,-8.6,0.3,0.8,-0.6,15,3,5.06,9,44.71,0,0.4992,0,0.0,0,0.0
Dawson Knox,BUF,TE,135.7,122.8,12.899999999999991,9.0,8.2,0.9,15,48,45.57,517,497.17,6,4.5888,0,0.0,0,0.0
David Njoku,CLV,TE,144.0,143.8,0.1999999999999886,10.3,10.3,0.0,14,58,55.03,628,563.78,4,5.3184,-8,4.8804,0,0.0
Travis Etienne,JAX,RB,208.6,209.7,-1.0999999999999943,12.3,12.3,-0.1,17,35,36.99,316,248.23,0,1.5744,1120,907.1782,5,7.96
Johnny Mundt,MIN,TE,39.0,37.2,1.7999999999999972,2.3,2.2,0.1,17,19,16.97,140,126.37,1,1.2576,0,0.0,0,0.0
Frank Darby,ATL,WR,2.5,2.1,0.3999999999999999,0.5,0.4,0.1,5,1,0.63,15,10.39,0,0.0672,0,0.0,0,0.0
Derrick Henry,TEN,RB,304.2,268.2,36.0,19.0,16.8,2.3,16,33,32.85,398,237.57,0,1.5264,1534,1510.5152,13,8.57
Tyler Badie,DEN,RB,9.4,2.2,7.2,9.4,2.2,7.2,1,1,1.0,24,3.7,1,0.0576,0,4.6354,0,0.0
Snoop Conner,JAX,RB,10.2,7.7,2.499999999999999,1.3,1.0,0.3,8,0,0.0,0,0.0,0,0.0,42,52.626,1,0.4
Jake Ferguson,DAL,TE,48.4,41.8,6.600000000000001,3.0,2.6,0.4,16,19,17.86,174,162.32,2,1.2768,0,0.0,0,0.0
Dallas Goedert,PHI,TE,143.2,120.5,22.69999999999999,11.9,10.0,1.9,12,55,50.03,702,527.04,3,2.9664,0,0.0,0,0.0
Damien Williams,ATL,RB,0.2,0.9,-0.7,0.2,0.9,-0.7,1,0,0.0,0,0.0,0,0.0,2,9.4374,0,0.0
JaMycal Hasty,JAX,RB,70.0,67.8,2.200000000000003,4.4,4.2,0.1,16,20,22.29,126,128.51,1,0.4224,194,189.1796,2,1.86
Devin Asiasi,CIN,TE,2.5,7.9,-5.4,0.2,0.7,-0.5,12,2,2.71,5,44.4,0,0.1248,0,0.0,0,0.0
Josh Reynolds,DET,WR,103.9,118.5,-14.599999999999994,7.4,8.5,-1.0,14,38,34.54,479,483.22,3,5.9328,0,0.0,0,0.0
Shane Zylstra,DET,TE,41.0,28.6,12.4,3.2,2.2,1.0,13,11,8.63,60,72.03,4,2.1216,0,0.0,0,0.0
Stone Smartt,LAC,TE,5.7,8.3,-2.6000000000000005,0.8,1.2,-0.4,7,4,4.12,17,42.23,0,0.0,0,0.0,0,0.0
Sean McKeon,DAL,TE,3.1,3.3,-0.1999999999999997,0.2,0.3,0.0,13,2,1.7,11,14.94,0,0.0192,0,0.0,0,0.0
Jake Tonges,CHI,TE,0.0,2.3,-2.3,0.0,0.8,-0.8,3,0,0.74,0,14.54,0,0.0096,0,0.0,0,0.0
Raheem Mostert,MIA,RB,170.4,165.7,4.700000000000017,10.7,10.4,0.3,16,31,31.5,202,220.8,2,2.2368,892,782.8636,3,3.41
DeAndre Hopkins,ARZ,WR,153.7,159.1,-5.400000000000006,17.1,17.7,-0.6,9,64,60.45,717,774.2,3,3.5328,0,0.0,0,0.0
Kalif Raymond,DET,WR,112.2,116.0,-3.799999999999997,6.6,6.8,-0.2,17,47,43.14,616,529.92,0,2.7552,36,30.4682,0,0.05
Alec Ingold,MIA,RB,38.3,44.6,-6.300000000000004,2.3,2.6,-0.4,17,15,18.28,105,161.79,1,0.4128,8,17.4742,1,0.98
Demetric Felton,CLV,WR,2.4,8.9,-6.5,0.5,1.8,-1.3,5,2,4.16,8,41.8,0,0.0096,-4,4.1356,0,0.02
Christian Kirk,JAX,WR,243.9,227.6,16.30000000000001,14.3,13.4,1.0,17,84,82.3,1108,989.36,8,7.296,11,21.2954,0,0.08
Michael Pittman Jr.,IND,WR,218.5,239.5,-21.0,13.7,15.0,-1.3,16,99,96.6,925,1056.74,4,5.9728,30,13.7298,0,0.01
Mitchell Wilcox,CIN,TE,36.8,31.5,5.299999999999997,2.3,2.0,0.3,16,17,14.52,138,136.68,1,0.5472,0,0.0,0,0.0
Hayden Hurst,CIN,TE,105.4,109.1,-3.6999999999999886,8.1,8.4,-0.3,13,52,47.38,414,434.42,2,3.0528,0,0.0,0,0.0
Stephen Sullivan,CAR,TE,6.6,9.3,-2.700000000000001,0.5,0.7,-0.2,14,2,3.07,46,54.54,0,0.1344,0,0.0,0,0.0
Ronnie Rivers,LA,RB,10.0,11.8,-1.8000000000000007,3.3,3.9,-0.6,3,5,4.69,29,22.05,0,0.1344,21,38.7296,0,0.03
Javonte Williams,DEN,RB,44.0,62.7,-18.700000000000003,11.0,15.7,-4.7,4,16,17.81,76,106.09,0,1.1328,204,204.84,0,1.17
Luke Farrell,JAX,TE,8.0,6.4,1.5999999999999996,0.5,0.4,0.1,16,4,3.49,40,28.99,0,0.0096,0,0.0,0,0.0
Brian Robinson Jr.,WAS,RB,112.7,137.7,-24.999999999999982,9.4,11.5,-2.1,12,9,10.1,60,62.02,1,0.192,797,865.0182,2,5.63
Marquez Callaway,NO,WR,37.8,57.7,-19.90000000000001,2.7,4.1,-1.4,14,16,18.92,158,246.96,1,2.352,0,0.0,0,0.0
Ja'Marr Chase,CIN,WR,246.4,238.4,8.0,20.5,19.9,0.7,12,87,82.97,1046,949.77,9,9.7648,8,16.7384,0,0.04
Dare Ogunbowale,HST,RB,48.7,60.4,-11.699999999999996,3.5,4.3,-0.8,14,20,20.69,104,133.31,0,0.2016,123,173.9598,1,1.29
Tyler Allgeier,ATL,RB,157.4,147.4,10.0,9.8,9.2,0.6,16,16,15.27,139,99.25,1,0.1152,1035,874.9648,3,5.67
Eric Tomlinson,DEN,TE,28.9,29.4,-0.5,1.7,1.7,0.0,17,9,8.41,79,68.61,2,2.3616,0,0.0,0,0.0
Justice Hill,BLT,RB,44.0,41.1,2.8999999999999986,2.9,2.7,0.2,15,12,10.39,58,60.26,0,0.0384,262,218.5596,0,0.43
N'Keal Harry,CHI,WR,24.6,16.5,8.100000000000001,3.5,2.4,1.2,7,7,5.29,116,84.27,1,0.4608,0,0.0,0,0.0
Kenneth Walker III,SEA,RB,202.5,184.2,18.30000000000001,13.5,12.3,1.2,15,27,30.51,165,182.68,0,0.2016,1050,951.591,9,6.51
Justin Watson,KC,WR,58.5,64.2,-5.700000000000003,3.4,3.8,-0.3,17,15,17.11,315,327.39,2,2.4,0,0.0,0,0.0
Kyle Philips,TEN,WR,15.8,20.0,-4.199999999999999,4.0,5.0,-1.0,4,8,9.21,78,107.68,0,0.0096,0,0.0,0,0.0
Jonathan Ward,TEN,RB,5.2,7.7,-2.5,2.6,3.9,-1.3,2,2,2.45,7,17.19,0,0.2112,25,22.491,0,0.0
Michael Gallup,DAL,WR,105.4,128.9,-23.5,7.5,9.2,-1.7,14,39,43.25,424,571.66,4,4.7424,0,0.0,0,0.0
Cedrick Wilson,MIA,WR,26.4,28.6,-2.200000000000003,1.8,1.9,-0.1,15,12,11.36,136,146.01,0,0.432,8,0.0,0,0.0
Malik Davis,DAL,RB,34.4,29.3,5.099999999999998,4.9,4.2,0.7,7,6,5.2,63,31.63,0,0.3168,161,168.4816,1,0.37
Marcus Jones,NE,WR,17.8,5.7,12.1,3.6,1.1,2.4,5,4,3.67,78,19.54,1,0.0096,0,0.0,0,0.0
Dante Pettis,CHI,WR,65.2,62.0,3.200000000000003,3.8,3.6,0.2,17,19,22.44,245,263.14,3,2.064,37,7.8204,0,0.02
Tony Pollard,DAL,RB,248.8,194.9,53.900000000000006,15.6,12.2,3.4,16,39,41.42,371,304.34,3,1.7472,1007,828.2384,9,4.96
Aaron Jones,GB,RB,253.0,234.7,18.30000000000001,14.9,13.8,1.1,17,59,62.13,395,393.87,5,3.408,1125,915.075,2,3.54
Marquise Brown,ARZ,WR,156.0,182.6,-26.599999999999994,13.0,15.2,-2.2,12,67,67.78,709,905.09,3,3.9648,1,4.8412,0,0.0
Myles Gaskin,MIA,RB,9.4,15.2,-5.799999999999999,4.7,7.6,-2.9,2,4,4.61,28,32.59,0,0.4416,26,45.178,0,0.03
Daniel Bellinger,NYG,TE,75.1,60.0,15.099999999999994,6.3,5.0,1.3,12,30,25.95,269,245.58,2,1.5744,2,0.0,1,0.0
Dezmon Patmon,IND,WR,4.4,12.5,-8.1,4.4,12.5,-8.1,1,2,3.82,24,62.81,0,0.4032,0,0.0,0,0.0
Terry McLaurin,WAS,WR,229.0,210.8,18.19999999999999,13.5,12.4,1.1,17,77,73.2,1191,1060.1,5,4.8,29,27.5282,0,0.0
Michael Strachan,IND,WR,8.9,21.8,-12.9,0.7,1.7,-1.0,13,3,4.45,59,70.12,0,1.728,0,0.0,0,0.0
Brandin Cooks,HST,WR,144.6,156.3,-11.700000000000015,11.1,12.0,-0.9,13,56,56.28,699,749.0,3,4.0336,7,9.3394,0,0.0
D'Onta Foreman,CAR,RB,128.9,135.4,-6.5,7.6,8.0,-0.4,17,5,6.98,26,49.37,0,0.2112,913,854.7372,5,6.13
Michael Bandy,LAC,WR,18.9,28.3,-9.400000000000002,1.9,2.8,-0.9,10,10,11.42,89,145.33,0,0.3936,0,0.0,0,0.0
Pharaoh Brown,CLV,TE,23.7,30.3,-6.600000000000001,1.5,1.9,-0.4,16,12,13.33,117,137.25,0,0.5472,0,0.0,0,0.0
Nick Chubb,CLV,RB,281.4,232.9,48.49999999999997,16.6,13.7,2.9,17,27,27.8,239,210.36,1,0.8256,1525,1300.5882,12,8.17
Brandon Powell,LA,WR,47.6,60.5,-12.9,2.8,3.6,-0.8,17,24,25.34,156,183.48,0,1.488,80,68.972,0,0.17
Jeremy Ruckert,NYJ,TE,1.8,3.4,-1.6,0.4,0.7,-0.3,5,1,1.66,8,17.15,0,0.0,0,0.0,0,0.0
Ty Chandler,MIN,RB,2.0,2.8,-0.7999999999999998,1.0,1.4,-0.4,2,0,0.0,0,0.0,0,0.0,20,27.6948,0,0.0
Cooper Kupp,LA,WR,203.4,172.1,31.30000000000001,22.6,19.1,3.5,9,75,68.05,812,733.79,6,4.4352,52,39.0138,1,0.03
Jonnu Smith,NE,TE,52.0,58.1,-6.100000000000001,3.7,4.2,-0.4,14,27,27.41,245,229.33,0,1.2192,5,2.7538,0,0.03
Greg Dulcich,DEN,TE,86.1,91.9,-5.800000000000011,8.6,9.2,-0.6,10,33,34.04,411,483.03,2,1.5936,0,0.0,0,0.0
Joshua Kelley,LAC,RB,64.8,78.1,-13.299999999999995,5.0,6.0,-1.0,13,14,18.58,101,160.72,0,0.192,287,278.9378,2,2.4
Brycen Hopkins,LA,TE,17.9,20.2,-2.3000000000000007,1.3,1.4,-0.2,14,7,7.61,109,105.52,0,0.336,0,0.0,0,0.0
Parker Hesse,ATL,TE,17.9,19.2,-1.3000000000000007,1.1,1.1,-0.1,17,9,8.25,89,83.92,0,0.432,0,0.0,0,0.0
Hunter Henry,NE,TE,103.9,98.0,5.900000000000006,6.1,5.8,0.3,17,41,40.11,509,444.28,2,2.2368,0,0.0,0,0.0
Melvin Gordon III,DEN,RB,91.1,110.5,-19.40000000000001,9.1,11.1,-1.9,10,25,25.86,223,197.57,0,0.5376,318,372.3918,2,4.07
Derek Watt,PIT,RB,20.2,19.4,0.8000000000000007,1.2,1.1,0.0,17,5,4.0,11,27.34,1,1.0368,21,29.9786,1,0.58
Armani Rogers,WAS,TE,14.0,10.9,3.1,1.3,1.0,0.3,11,5,5.12,64,47.58,0,0.0096,26,8.7416,0,0.01
Isiah Pacheco,KC,RB,139.0,127.0,12.0,8.2,7.5,0.7,17,13,11.78,130,68.33,0,0.24,830,713.215,5,5.93
Stanley Morgan Jr.,CIN,WR,0.0,3.5,-3.5,0.0,0.3,-0.3,14,0,0.81,0,1.62,0,0.4224,0,0.0,0,0.0
Kyle Pitts,ATL,TE,75.6,110.1,-34.5,7.6,11.0,-3.5,10,28,35.64,356,558.92,2,3.024,0,4.655,0,0.0
Demarcus Robinson,BLT,WR,105.8,134.7,-28.89999999999999,6.2,7.9,-1.7,17,48,50.63,458,609.95,2,3.8496,0,0.0,0,0.0
Lance McCutcheon,LA,WR,0.0,5.5,-5.5,0.0,0.7,-0.7,8,0,1.75,0,24.8,0,0.2112,0,0.0,0,0.0
Simi Fehoko,DAL,WR,5.4,6.4,-1.0,1.1,1.3,-0.2,5,3,2.49,24,31.58,0,0.1248,0,0.0,0,0.0
Mo Alie-Cox,IND,TE,55.9,48.7,7.199999999999996,3.3,2.9,0.4,17,19,19.62,189,183.28,3,1.7952,0,0.0,0,0.0
Latavius Murray,DEN,RB,150.7,143.6,7.099999999999994,11.6,11.0,0.5,13,27,27.86,132,172.24,0,0.096,745,740.1752,6,3.99
Chase Claypool,CHI,WR,103.0,133.9,-30.90000000000001,6.9,8.9,-2.1,15,46,49.16,451,635.52,1,2.3712,59,38.5732,0,0.52
Miles Sanders,PHI,RB,220.9,200.9,20.0,13.0,11.8,1.2,17,20,22.22,78,167.6,0,0.0288,1271,1076.6578,11,9.01
Allen Robinson II,LA,WR,84.9,108.9,-24.0,8.5,10.9,-2.4,10,33,31.71,339,363.55,3,6.7984,0,0.0,0,0.0
Ihmir Smith-Marsette,KC,WR,2.4,5.4,-3.0000000000000004,0.3,0.8,-0.4,7,1,2.16,15,26.24,0,0.0192,-1,4.753,0,0.01
Zander Horvath,LAC,RB,18.6,20.9,-2.299999999999997,1.2,1.4,-0.2,15,5,5.53,8,32.97,2,1.4592,8,13.4652,0,0.33
Russell Gage,TB,WR,123.6,130.9,-7.300000000000011,9.5,10.1,-0.6,13,51,50.52,426,460.6,5,5.712,0,0.0,0,0.0
Adam Prentice,NO,RB,4.8,5.8,-1.0,0.4,0.5,-0.1,11,3,2.79,9,13.37,0,0.0,9,12.8968,0,0.06
Michael Burton,KC,RB,3.8,7.1,-3.3,0.2,0.4,-0.2,16,2,2.68,11,20.97,0,0.0384,7,18.326,0,0.04
D.J. Chark Jr.,DET,WR,98.2,97.4,0.7999999999999972,8.9,8.9,0.1,11,30,29.65,502,477.53,3,3.3312,0,0.0,0,0.0
Josh Oliver,BLT,TE,40.9,53.3,-12.4,2.4,3.1,-0.7,17,14,16.07,149,188.45,2,3.072,0,0.0,0,0.0
Kene Nwangwu,MIN,RB,5.5,7.3,-1.7999999999999998,1.8,2.4,-0.6,3,2,1.76,21,14.99,0,0.0,14,37.779,0,0.04
Benny Snell Jr.,PIT,RB,18.7,14.5,4.199999999999999,3.7,2.9,0.8,5,2,1.84,17,11.99,0,0.0,90,83.594,1,0.52
Duke Johnson Jr.,BUF,RB,0.4,0.9,-0.5,0.4,0.9,-0.5,1,0,0.0,0,0.0,0,0.0,4,5.6742,0,0.05
Allen Lazard,GB,WR,174.8,196.5,-21.69999999999999,11.7,13.1,-1.4,15,60,61.75,788,866.27,6,7.8624,0,8.281,0,0.02
Quez Watkins,PHI,WR,86.4,86.1,0.3000000000000113,5.1,5.1,0.0,17,33,33.74,354,400.41,3,1.9776,0,4.3218,0,0.0
J.J. Taylor,NE,RB,2.7,8.9,-6.2,2.7,8.9,-6.2,1,1,0.84,8,8.82,0,0.0,9,44.051,0,0.46
Gary Brightwell,NYG,RB,28.9,31.1,-2.200000000000003,2.6,2.8,-0.2,11,5,5.66,39,36.81,0,0.5088,140,132.9468,1,0.91
Davante Adams,LV,WR,335.5,316.6,18.899999999999977,19.7,18.6,1.1,17,100,105.97,1516,1489.5,14,10.0528,-1,13.2594,0,0.0
Breece Hall,NYJ,RB,117.1,104.6,12.5,16.7,14.9,1.8,7,19,22.95,218,209.27,1,1.3152,463,334.9252,4,3.23
Ty'Son Williams,ARZ,RB,1.5,1.4,0.1,1.5,1.4,0.1,1,1,0.88,5,4.86,0,0.0,0,0.0,0,0.0
Nick Vannett,NYG,TE,11.5,10.2,1.3000000000000007,1.3,1.1,0.1,9,6,5.69,55,39.05,0,0.1056,0,0.0,0,0.0
Drake London,ATL,WR,182.6,218.1,-35.5,10.7,12.8,-2.1,17,72,73.8,866,975.13,4,7.7952,0,0.0,0,0.0
Ronald Jones,KC,RB,16.2,12.3,3.899999999999999,2.7,2.1,0.6,6,1,0.88,22,5.94,0,0.0,70,71.4224,1,0.62
Zack Moss,IND,RB,66.5,73.3,-6.799999999999997,5.1,5.6,-0.5,13,11,10.48,39,73.07,0,0.0672,456,396.3908,1,2.58
Cole Beasley,BUF,WR,9.5,10.6,-1.0999999999999996,2.4,2.6,-0.3,4,6,5.62,35,49.44,0,0.0,0,0.0,0,0.0
Terrace Marshall Jr.,CAR,WR,83.0,87.3,-4.299999999999997,5.9,6.2,-0.3,14,28,28.15,490,398.06,1,3.216,0,0.0,0,0.0
KhaDarel Hodge,ATL,WR,39.2,33.5,5.700000000000003,2.3,2.0,0.3,17,13,11.9,202,176.59,1,0.6528,0,0.0,0,0.0
Noah Togiai,PHI,TE,0.0,1.8,-1.8,0.0,0.9,-0.9,2,0,0.86,0,9.47,0,0.0,0,0.0,0,0.0
DeeJay Dallas,SEA,RB,48.2,48.7,-0.5,3.4,3.5,0.0,14,17,16.29,126,115.3,0,0.5952,186,155.5848,0,0.3
Patrick Ricard,BLT,RB,20.0,24.8,-4.800000000000001,1.2,1.5,-0.3,17,11,10.92,74,79.67,0,0.1536,16,23.716,0,0.43
Adam Thielen,MIN,WR,178.0,197.6,-19.599999999999994,10.5,11.6,-1.2,17,70,66.34,716,803.8,6,8.4,4,4.3806,0,0.01
Dan Arnold,JAX,TE,22.5,18.3,4.199999999999999,1.4,1.1,0.3,16,9,7.82,135,89.11,0,0.2688,0,0.0,0,0.0
Parris Campbell,IND,WR,149.1,141.7,7.400000000000006,8.8,8.3,0.4,17,63,61.91,623,637.79,3,2.2752,58,21.7364,0,0.03
O.J. Howard,HST,TE,36.5,45.3,-8.799999999999997,2.8,3.5,-0.7,13,10,15.33,145,197.63,2,1.7088,0,0.0,0,0.0
DeSean Jackson,BLT,WR,24.3,27.6,-3.3000000000000007,3.5,3.9,-0.5,7,9,9.14,153,156.23,0,0.4704,0,0.0,0,0.0
Daylen Baldwin,CLV,WR,4.5,2.7,1.7999999999999998,4.5,2.7,1.8,1,2,1.11,25,14.99,0,0.0192,0,0.0,0,0.0
Mike Thomas,CIN,WR,5.8,21.0,-15.2,0.6,2.1,-1.5,10,2,5.1,38,70.88,0,1.4688,0,0.0,0,0.0
David Johnson,NO,RB,11.1,11.8,-0.7000000000000011,2.2,2.4,-0.1,5,4,3.46,47,25.34,0,0.0,24,49.4214,0,0.15
Tre' McKitty,LAC,TE,17.2,29.4,-12.2,1.0,1.7,-0.7,17,10,11.2,72,87.37,0,1.584,0,0.0,0,0.0
Harrison Bryant,CLV,TE,61.7,79.6,-17.89999999999999,3.6,4.7,-1.1,17,31,31.09,239,304.77,1,2.9376,8,3.8514,0,0.01
Cordarrelle Patterson,ATL,RB,150.7,139.1,11.599999999999994,11.6,10.7,0.9,13,21,24.48,122,188.63,0,1.0464,695,590.9796,8,5.07
Pierre Strong Jr.,NE,RB,27.2,18.4,8.8,3.4,2.3,1.1,8,7,6.11,42,48.61,0,0.0096,100,42.1204,1,0.52
Jalen Reagor,MIN,WR,26.9,28.0,-1.1000000000000014,1.9,2.0,-0.1,14,8,8.93,104,129.5,1,0.6816,25,16.4836,0,0.06
Joe Mixon,CIN,RB,239.6,266.6,-27.00000000000003,17.1,19.0,-1.9,14,60,59.44,441,395.82,2,3.5712,815,858.335,7,10.06
Jamison Crowder,BUF,WR,12.0,18.6,-6.600000000000001,3.0,4.7,-1.7,4,6,7.83,60,101.21,0,0.1056,0,0.0,0,0.0
Kyle Rudolph,TB,TE,11.8,12.4,-0.5999999999999996,1.3,1.4,-0.1,9,3,3.23,28,39.0,1,0.8832,0,0.0,0,0.0
Pat Freiermuth,PIT,TE,148.2,164.1,-15.900000000000006,9.3,10.3,-1.0,16,63,64.19,732,725.69,2,4.56,0,0.0,0,0.0
Kareem Hunt,CLV,RB,126.8,143.2,-16.39999999999999,7.5,8.4,-1.0,17,35,34.85,210,235.84,1,1.4688,468,506.239,3,4.22
Lil'Jordan Humphrey,NE,WR,4.0,4.8,-0.7999999999999998,0.8,1.0,-0.2,5,2,2.33,20,24.49,0,0.0,0,0.0,0,0.0
Tony Jones Jr.,SEA,RB,10.4,14.3,-3.9,2.6,3.6,-1.0,4,5,5.86,30,32.57,0,0.1152,24,44.296,0,0.01
Jerry Jeudy,DEN,WR,205.3,180.7,24.600000000000023,13.7,12.0,1.6,15,68,64.65,987,842.0,6,5.1456,26,7.8596,0,0.04
Noah Brown,DAL,WR,116.5,125.7,-9.200000000000005,7.3,7.9,-0.6,16,43,43.59,555,561.17,3,4.3392,0,0.0,0,0.0
Jauan Jennings,SF,WR,82.6,92.2,-9.600000000000009,5.2,5.8,-0.6,16,35,37.61,416,442.38,1,1.7184,0,0.0,0,0.0
Freddie Swain,DEN,WR,11.4,9.6,1.8000000000000007,2.9,2.4,0.5,4,4,4.18,74,49.09,0,0.0864,0,0.0,0,0.0
Diontae Johnson,PIT,WR,176.7,249.3,-72.60000000000002,10.4,14.7,-4.3,17,86,91.73,882,1147.13,0,6.5664,25,30.8406,0,0.06
Juwan Johnson,NO,TE,134.8,111.7,23.10000000000001,8.4,7.0,1.4,16,42,39.63,508,482.5,7,3.9744,0,0.0,0,0.0
Troy Hairston II,HST,RB,6.9,13.1,-6.199999999999999,0.4,0.8,-0.4,16,5,5.58,19,47.98,0,0.4512,0,0.0,0,0.0
Jeff Smith,NYJ,WR,21.4,21.7,-0.3000000000000007,1.9,2.0,0.0,11,8,7.03,134,86.49,0,0.9984,0,0.0,0,0.0
Robert Tonyan,GB,TE,112.0,111.8,0.2000000000000028,6.6,6.6,0.0,17,53,47.86,470,482.71,2,2.6112,0,0.0,0,0.0
Dax Milne,WAS,WR,15.7,15.1,0.5999999999999996,1.2,1.2,0.0,13,6,5.39,37,49.45,1,0.7872,0,0.0,0,0.0
Phillip Dorsett,HST,WR,51.7,68.5,-16.799999999999997,3.4,4.6,-1.1,15,20,25.41,257,341.29,1,1.488,0,0.0,0,0.0
T.Y. Hilton,DAL,WR,19.1,17.2,1.900000000000002,6.4,5.7,0.6,3,7,6.31,121,108.21,0,0.0096,0,0.0,0,0.0
River Cracraft,MIA,WR,31.2,29.9,1.3000000000000007,2.8,2.7,0.1,11,9,9.43,102,116.31,2,1.48,0,0.0,0,0.0
Braxton Berrios,NYJ,WR,53.6,58.7,-5.100000000000001,3.4,3.7,-0.3,16,18,22.2,145,219.05,0,1.7088,91,39.1314,2,0.07
Mark Andrews,BLT,TE,188.5,209.6,-21.099999999999994,12.6,14.0,-1.4,15,73,73.93,847,937.61,5,6.7872,8,11.2406,0,0.01
Treylon Burks,TEN,WR,94.1,95.1,-1.0,8.6,8.6,-0.1,11,33,34.39,444,459.25,2,2.1504,47,16.219,0,0.04
K.J. Osborn,MIN,WR,155.6,154.0,1.5999999999999943,9.2,9.1,0.1,17,60,59.13,650,677.83,5,4.2912,6,12.3088,0,0.01
Alexander Mattison,MIN,RB,88.4,78.9,9.5,5.2,4.6,0.6,17,15,15.14,91,78.44,1,0.768,283,302.762,5,3.5
A.J. Brown,PHI,WR,303.6,255.1,48.50000000000003,17.9,15.0,2.9,17,88,85.88,1496,1213.8,11,7.968,0,0.0,0,0.0
Jelani Woods,IND,TE,74.2,70.8,3.4000000000000057,4.9,4.7,0.2,15,25,23.32,312,301.96,3,2.88,0,0.0,0,0.0
Elijah Mitchell,SF,RB,43.6,37.9,5.700000000000003,8.7,7.6,1.1,5,3,2.71,7,11.97,0,0.4032,279,177.0276,2,2.31
Khalil Shakir,BUF,WR,32.1,29.7,2.400000000000002,2.3,2.1,0.2,14,10,11.09,161,144.44,1,0.7008,0,0.0,0,0.0
Marlon Mack,DEN,RB,38.3,23.9,14.4,7.7,4.8,2.9,5,8,8.06,99,53.96,1,0.1344,84,69.678,1,0.44
Kenyan Drake,BLT,RB,104.1,104.0,0.0999999999999943,8.7,8.7,0.0,12,17,20.27,89,123.97,1,1.3824,482,462.8642,4,2.8
Brandon Aiyuk,SF,WR,229.8,206.1,23.700000000000017,13.5,12.1,1.4,17,78,76.17,1015,992.06,8,4.9536,23,9.31,0,0.01
Kendall Hinton,DEN,WR,56.4,56.7,-0.3000000000000042,4.7,4.7,0.0,12,24,22.29,311,268.62,0,1.104,13,8.7416,0,0.01
Nsimba Webster,CHI,WR,3.4,4.4,-1.0000000000000004,3.4,4.4,-1.0,1,2,2.1,14,22.61,0,0.0,0,0.0,0,0.0
Keith Smith,ATL,RB,2.0,7.3,-5.3,0.1,0.4,-0.3,17,1,1.62,8,8.86,0,0.7296,2,4.0572,0,0.0
Bennett Skowronek,LA,WR,84.3,99.9,-15.600000000000009,6.0,7.1,-1.1,14,39,42.33,376,490.93,0,1.3344,17,3.8318,1,0.02
